id;username;title;subscribers;link
1478765631;@yurasumy;–ú–∏—Ä —Å–µ–≥–æ–¥–Ω—è —Å "–Æ—Ä–∏–π –ü–æ–¥–æ–ª—è–∫–∞";2707007;https://t.me/yurasumy
1101806611;@boris_rozhin;Colonelcassad;818247;https://t.me/boris_rozhin
1355540894;@RVvoenkor;–û–ø–µ—Ä–∞—Ü–∏—è Z: –í–æ–µ–Ω–∫–æ—Ä—ã –†—É—Å—Å–∫–æ–π –í–µ—Å–Ω—ã;1215292;https://t.me/RVvoenkor
1135021433;@wargonzo;WarGonzo;1251988;https://t.me/wargonzo
1326223284;@rybar;–†—ã–±–∞—Ä—å;1076650;https://t.me/rybar
1164348791;@Sladkov_plus;–°–ª–∞–¥–∫–æ–≤ +;983483;https://t.me/Sladkov_plus
1407902266;@strelkovii;–°—Ç—Ä–µ–ª–∫–æ–≤ –ò–≥–æ—Ä—å –ò–≤–∞–Ω–æ–≤–∏—á #–ö–†–ü;783628;https://t.me/strelkovii
1242259852;@legitimniy;–õ–µ–≥–∏—Ç–∏–º–Ω—ã–π;911473;https://t.me/legitimniy
1271765197;@rezident_ua;–†–µ–∑–∏–¥–µ–Ω—Ç;879649;https://t.me/rezident_ua
1200595041;@OpenUkraine;üá∫üá¶ Open Ukraine| –û—Ç–∫—Ä—ã—Ç–∞—è –£–∫—Ä–∞–∏–Ω–∞;188617;https://t.me/OpenUkraine
1175084215;@ukraina_ru;–£–∫—Ä–∞–∏–Ω–∞.—Ä—É;258100;https://t.me/ukraina_ru
1785357427;@mriya24;–ú—Ä—ñ—è;155120;https://t.me/mriya24
1736895964;@warfakes;–í–æ–π–Ω–∞ —Å —Ñ–µ–π–∫–∞–º–∏;708951;https://t.me/warfakes
1343028414;@ASupersharij;–ê–Ω–∞—Ç–æ–ª–∏–π –®–∞—Ä–∏–π;1048157;https://t.me/ASupersharij
1647639783;@opersvodki;–û–ø–µ—Ä–∞—Ç–∏–≤–Ω—ã–µ —Å–≤–æ–¥–∫–∏;589135;https://t.me/opersvodki
1093357968;@epoddubny;–ü–æ–¥–¥—É–±–Ω—ã–π |Z|–û|V| edition;850111;https://t.me/epoddubny
1498939244;@voenacher;–ü–æ–≤—ë—Ä–Ω—É—Ç—ã–µ –Ω–∞ Z –≤–æ–π–Ω–µ üá∑üá∫;651857;https://t.me/voenacher
1583313036;@rusich_army;–ê–†–•–ê–ù–ì–ï–õ –°–ü–ï–¶–ù–ê–ó–ê Züá∑üá∫;733510;https://t.me/rusich_army
1510269826;@ghost_of_novorossia;–ü—Ä–∏Z—Ä–∞–∫ –ù–æ–≤–æ—Ä–æ—Å—Å–∏–∏;169508;https://t.me/ghost_of_novorossia
1263569229;@vysokygovorit;–°—Ç–∞—Ä—à–µ –≠–¥–¥—ã;615923;https://t.me/vysokygovorit
1626866857;@orchestra_w;–û—Ä–∫–µ—Å—Ç—Ä –í–∞–≥–Ω–µ—Ä–∞ | Wagner;666031;https://t.me/orchestra_w
1315735637;@SolovievLive;–°–û–õ–û–í–¨–Å–í;1322705;https://t.me/SolovievLive
1227152968;@margaritasimonyan;–ú–∞—Ä–≥–∞—Ä–∏—Ç–∞ –°–∏–º–æ–Ω—å—è–Ω;487327;https://t.me/margaritasimonyan
1472186202;@MariaVladimirovnaZakharova;–ú–∞—Ä–∏—è –ó–∞—Ö–∞—Ä–æ–≤–∞;527428;https://t.me/MariaVladimirovnaZakharova
1109403194;@sashakots;Kotsnews;650426;https://t.me/sashakots
1456389846;@ukr_leaks;UKR LEAKS;127926;https://t.me/ukr_leaks
1260622817;@readovkanews;Readovka;1786748;https://t.me/readovkanews
1101170442;@rian_ru;–†–ò–ê –ù–æ–≤–æ—Å—Ç–∏;2674331;https://t.me/rian_ru
1111072403;@truekpru;–ö–æ–º—Å–æ–º–æ–ª—å—Å–∫–∞—è –ø—Ä–∞–≤–¥–∞: KP.RU;209478;https://t.me/truekpru
1117628569;@breakingmash;Mash;1759437;https://t.me/breakingmash
1099860397;@rbc_news;–†–ë–ö;359259;https://t.me/rbc_news
1040060096;@mk_ru;–ú–æ—Å–∫–æ–≤—Å–∫–∏–π –∫–æ–º—Å–æ–º–æ–ª–µ—Ü: –≥–ª–∞–≤–Ω–æ–µ —Å–µ–≥–æ–¥–Ω—è;44779;https://t.me/mk_ru
1054549314;@ntvnews;–ù–¢–í;146645;https://t.me/ntvnews
1111348665;@infantmilitario;–ú–∏–ª–∏—Ç–∞—Ä–∏—Å—Ç;192661;https://t.me/infantmilitario
1074354585;@milinfolive;–í–æ–µ–Ω–Ω—ã–π –û—Å–≤–µ–¥–æ–º–∏—Ç–µ–ª—å;527364;https://t.me/milinfolive
1283359437;@voenkorKotenok;V–æ–µ–Ω–∫–æ—Ä –ö–æ—Ç–µ–Ω–æ–∫ Z;417870;https://t.me/voenkorKotenok
1137332367;@new_militarycolumnist;–í–æ–µ–Ω–Ω—ã–π –æ–±–æ–∑—Ä–µ–≤–∞—Ç–µ–ª—å;203852;https://t.me/new_militarycolumnist
1708539438;@dshrg2;–î–®–†–ì –†—É—Å–∏—á;73469;https://t.me/dshrg2
1712234267;@dontstopwar;üá∑üá∫ DONTSTOPWAR;218953;https://t.me/dontstopwar
1730870551;@rsotmdivision;üíÄREVERSE SIDE OF THE MEDALüíÄ;371001;https://t.me/rsotmdivision
1012103617;@SergeyKolyasnikov;ZERGULIOüá∑üá∫;239196;https://t.me/SergeyKolyasnikov
1893345516;@razgruzka_vagnera;–†–∞–∑–≥—Ä—É–∑–∫–∞ –í–∞–≥–Ω–µ—Ä–∞;26194;https://t.me/razgruzka_vagnera
1700888439;@rvvoenkory;–û–ø–µ—Ä–∞—Ü–∏—è Z: –≤–æ–µ–Ω–∫–æ—Ä—ã —Ä—É—Å—Å–∫–æ–π –≤–µ—Å–Ω—ã - —Ä–µ–∑–µ—Ä–≤;97931;https://t.me/rvvoenkory
1222373371;@btr80;–†–∞–±–æ—Ç–∞–π—Ç–µ  –±—Ä–∞—Ç—å—è!;120718;https://t.me/btr80
1118507025;@tsargradtv;–¶–∞—Ä—å–≥—Ä–∞–¥ –¢–í;118927;https://t.me/tsargradtv
1747508301;@voenndelo;–í–æ–µ–Ω–Ω–¥–µ–ª–æ (–í–æ–µ–Ω–Ω–æ–µ –¥–µ–ª–æ);114362;https://t.me/voenndelo
1666903301;@obstanovkalnr;–ò–∑–≤–µ—Å—Ç–∏—è –õ–ù–†/–î–ù–†;57683;https://t.me/obstanovkalnr
1697554072;@MonitoringUA;–£–∫—Ä–∞–∏–Ω–∞. –°–ø–µ—Ü–æ–ø–µ—Ä–∞—Ü–∏—è. –ú–æ–Ω–∏—Ç–æ—Ä–∏–Ω–≥ –°–í–û;54755;https://t.me/MonitoringUA
1471893534;@sheptoon;–®–µ–ø—Ç—É–Ωüá∫üá¶–£–∫—Ä–∞–∏–Ω–∞ –í–æ–π–Ω–∞;50104;https://t.me/sheptoon
1664858107;@montyan2;#–ú–û–ù–¢–Ø–ù!;486971;https://t.me/montyan2
1479946125;@ZeRada1;–ó–µ–†–∞–¥–∞;334167;https://t.me/ZeRada1
1447182889;@ZE_kartel;–ö–∞—Ä—Ç–µ–ª—å;152620;https://t.me/ZE_kartel
1240977961;@OlgaSharij;–û–õ–¨–ì–ê –®–ê–†–ò–ô;192965;https://t.me/OlgaSharij
1570010567;@MediaKiller2021;MediaKiller;118344;https://t.me/MediaKiller2021
1312303318;@tvdno;–¢–µ–ª–µ–î–ù–û;116296;https://t.me/tvdno
1207476194;@skosoi;–ñ–µ–Ω—â–∏–Ω–∞ —Å –∫–æ—Å–æ–π;92295;https://t.me/skosoi
1210465638;@odessa_typical;–¢–∏–ø–∏—á–Ω–∞—è –û–¥–µ—Å—Å–∞;125271;https://t.me/odessa_typical
1209080275;@cherniy_kvartal;–ß—ë—Ä–Ω—ã–π –ö–≤–∞—Ä—Ç–∞–ª;47882;https://t.me/cherniy_kvartal
1202009667;@nach_shtabu;–ù–∞—á–®—Ç–∞–±—É;35047;https://t.me/nach_shtabu
1136914098;@buntariy;üè¥‚Äç‚ò†Ô∏è–ë—É–Ω—Ç–∞—Ä—å;19351;https://t.me/buntariy
1317786502;@maksnazar;–Ω–∞–≥–ª—ã–π;35195;https://t.me/maksnazar
1728311158;@ilovekramatorsk;–Ø ‚ù§Ô∏è –ö—Ä–∞–º–∞—Ç–æ—Ä—Å–∫;55648;https://t.me/ilovekramatorsk
1285869345;@life_odessa;–û–¥–µ—Å—Å–∫–∏–π —Ñ—Ä–∞–µ—Ä;30920;https://t.me/life_odessa
1237733774;@SBUmole;–ö—Ä—ñ—Ç –°–ë–£;4187;https://t.me/SBUmole
1494993138;@tsibulya_ua;—Ü–∏–±—É–ª—è üá∫üá¶;19541;https://t.me/tsibulya_ua
1716014677;@melitopoladmin;–ê–¥–º–∏–Ω–∏—Å—Ç—Ä–∞—Ü–∏—è –≥–æ—Ä–æ–¥–∞ –ú–µ–ª–∏—Ç–æ–ø–æ–ª—è;39359;https://t.me/melitopoladmin
1155138955;@chergovii;–ß–µ—Ä–≥–æ–≤–∏–π –û–û–°;12260;https://t.me/chergovii
1287246088;@zp_live;–ù–µ—Ç–∏–ø–∏—á–Ω–æ–µ –ó–∞–ø–æ—Ä–æ–∂—å–µ;23603;https://t.me/zp_live
1187502427;@kherson_news_info;–ù–æ–≤–æ—Å—Ç–∏ –•–µ—Ä—Å–æ–Ω—â–∏–Ω—ã;11157;https://t.me/kherson_news_info
1764402468;@Genichesk_ru;–ì–ª–∞–≤–Ω–æ–µ –≤ –ì–µ–Ω–∏—á–µ—Å–∫–µ;39806;https://t.me/Genichesk_ru
1264194241;@NewsKhersonLife;–•–µ—Ä—Å–æ–Ω Life –ù–æ–≤–æ—Å—Ç–∏;3382;https://t.me/NewsKhersonLife
1236564472;@Ukrainian_format;–£–∫—Ä–∞–∏–Ω—Å–∫–∏–π —Ñ–æ—Ä–º–∞—Ç;10934;https://t.me/Ukrainian_format
1798592301;@melitopol_ru;–ì–ª–∞–≤–Ω–æ–µ –≤ –ú–µ–ª–∏—Ç–æ–ø–æ–ª–µ;32368;https://t.me/melitopol_ru
1195323522;@Ten_NaPleten;–¢–µ–Ω—å –Ω–∞ –ø–ª–µ—Ç–µ–Ω—å;6278;https://t.me/Ten_NaPleten
1166212617;@kherson_live;–•–µ—Ä—Å–æ–Ω live;16784;https://t.me/kherson_live
1471027234;@niklive;–ù–∏–∫–æ–ª–∞–µ–≤ live;33738;https://t.me/niklive
1150201825;@kharkov_trempel;–¢—Ä–µ–º–ø–µ–ª—å –•–∞—Ä—å–∫–æ–≤;21442;https://t.me/kharkov_trempel
1278514229;@HtoSho;–•—Ç–æ–®–æ | –°–µ—Ä–≥–µ–π –ß–µ—Ä–∫–∞—Å—Å–∫–∏–π;26744;https://t.me/HtoSho
1667648011;@HolodniyYar;93 –±—Ä–∏–≥–∞–¥–∞ "–•–æ–ª–æ–¥–Ω–∏–π –Ø—Ä" | –û–ë–†–ê–¢–ù–ê–Ø –°–¢–û–†–û–ù–ê;25265;https://t.me/HolodniyYar
1539262259;@NowMelitopol;–ù–æ–≤—ã–π –ú–µ–ª–∏—Ç–æ–ø–æ–ª—å;24440;https://t.me/NowMelitopol
1265411149;@zzelandia;–ó–ï–ª–∞–Ω–¥–∏—è;2810;https://t.me/zzelandia
1681621555;@NSDVLuganske;–ù–∞ —Å–∞–º–æ–º –¥–µ–ª–µ –≤ –õ—É–≥–∞–Ω—Å–∫–µ;5113;https://t.me/NSDVLuganske
1879794670;@NSDVKieve;–ù–∞ —Å–∞–º–æ–º –¥–µ–ª–µ –≤ –ö–∏–µ–≤–µ;8201;https://t.me/NSDVKieve
1845077847;@NSDVDnepre;–ù–∞ —Å–∞–º–æ–º –¥–µ–ª–µ –≤ –î–Ω–µ–ø—Ä–µ;10388;https://t.me/NSDVDnepre
1211026183;@NSDVKharkove;–ù–∞ —Å–∞–º–æ–º –¥–µ–ª–µ –≤ –•–∞—Ä—å–∫–æ–≤–µ;47524;https://t.me/NSDVKharkove
1861737781;@NSDVNikolaeve;–ù–∞ —Å–∞–º–æ–º –¥–µ–ª–µ –≤ –ù–∏–∫–æ–ª–∞–µ–≤–µ;8273;https://t.me/NSDVNikolaeve
1864658091;@NSDVKhersone;–ù–∞ —Å–∞–º–æ–º –¥–µ–ª–µ –≤ –•–µ—Ä—Å–æ–Ω–µ;24544;https://t.me/NSDVKhersone
1845359225;@NSDVDonetske;–ù–∞ —Å–∞–º–æ–º –¥–µ–ª–µ –≤ –î–æ–Ω–µ—Ü–∫–µ;15717;https://t.me/NSDVDonetske
1144404150;@warjournaltg;WarJournal [Z];46649;https://t.me/warjournaltg
1129015804;@directorate4;Directorate 4;45390;https://t.me/directorate4
1366346975;@Oleg_Blokhin;Oleg Blokhin;36457;https://t.me/Oleg_Blokhin
1378437829;@apleonkov;–ú–∞–¥—É—Ä–æ - –Ω–µ –¥—É—Ä–∞;34954;https://t.me/apleonkov
1472280635;@specops2022;–°–ø–µ—Ü–æ–ø–µ—Ä–∞—Ü–∏—è –Ω–∞ –£–∫—Ä–∞–∏–Ω–µ. –ü—Ä–∞–≤–¥–∏–≤—ã–µ –Ω–æ–≤–æ—Å—Ç–∏;33265;https://t.me/specops2022
1476769133;@medvedev_note;–í–æ–µ–Ω–∫–æ—Ä üÖâ –ú–µ–¥–≤–µ–¥–µ–≤;32231;https://t.me/medvedev_note
1217934291;@conflictzone;Conflict Zone;28136;https://t.me/conflictzone
1319370046;@wingsofwar;–ö—Ä—ã–ª—å—è –≤–æ–π–Ω—ã;26113;https://t.me/wingsofwar
1732460818;@aviapro1;Avia.pro - –ù–æ–≤–æ—Å—Ç–∏  —Å–æ–±—ã—Ç–∏—è  –°–ú–ò;24573;https://t.me/aviapro1
1701262157;@tankistrossii100;–¢–∞–Ω–∫–∏—Å—Ç—ã –Æ–í–û;22546;https://t.me/tankistrossii100
1683334109;@news_voina;–ù–æ–≤–æ—Å—Ç–∏ —Å —Ñ—Ä–æ–Ω—Ç–∞ –≤–æ–π–Ω—ã;11729;https://t.me/news_voina
1809568397;@russiatelegram14;–†–æ—Å—Å–∏—è –≤ Telegramüá∑üá∫;8548;https://t.me/russiatelegram14
1648917053;@voenoskol;–í–æ–µ–Ω–Ω—ã–π –û—Å–∫–æ–ª;4428;https://t.me/voenoskol
1297235221;@kapterkarus;V–æ–µ–Ω–Ω–∞—è –ë–∞Z–∞;3641;https://t.me/kapterkarus
1602168099;@politryk_live;üá∑üá∫ –ü–æ–ª–∏—Ç—Ä—É–∫ Live;637;https://t.me/politryk_live
1809467765;@chubachub_200;–ò—â–∏ –•–æ—Ö–ª–∞ 18+|–ì—Ä—É–∑ 200|–ú–µ—Ä—Ç–≤—ã–π –•–æ—Ö–æ–ª;4755;https://t.me/chubachub_200
1640490586;@doctor_botox999;–•–û–•–û–õ –ò –£–ö–†–û–ü;2957;https://t.me/doctor_botox999
1687359039;@freefromukraine;–†—É—Å—Å–∫–∏–π –ü–∏—Ä–∞—Ç;24756;https://t.me/freefromukraine
1204082623;@proofzzz;Z–ª‚≠ïÔ∏è–π –ü—Ä—É—ÑÔ∏è;294932;https://t.me/proofzzz
1266440079;@kedmi;–Ø–∫–æ–≤ –ö–µ–¥–º–∏;245175;https://t.me/kedmi
1814944941;@Stasfeisiia;–£–∫—Ä–∞–∏–Ω—Å–∫–∏–µ –Ω–∞—Ü–∏—Å—Ç—ã –∏ –¥–µ—Ç–∏ –ë–∞–Ω–¥–µ—Ä—ã.–í—Å–µ –ø–æ–Ω–µ—Å—É—Ç –Ω–∞–∫–∞–∑–∞–Ω–∏—è;4151;https://t.me/Stasfeisiia
1773833810;@XarkovshayaRus;–•–∞—Ä—å–∫–æ–≤—Å–∫–∞—è–†—É—Å—å;722;https://t.me/XarkovshayaRus
1714482278;@worldwar2214;–°–í–û–î–ö–ò –ò –ê–ù–ê–õ–ò–¢–ò–ö–ê –°–í–û;1818;https://t.me/worldwar2214
1747620635;@ZA_FROHT;–ó–ê–ü–û–†–û–ñ–°–ö–ò–ô –§–†–û–ù–¢;34634;https://t.me/ZA_FROHT
1735357542;@HersonVestnik;–•–µ—Ä—Å–æ–Ω—Å–∫–∏–π –í–µ—Å—Ç–Ω–∏–∫;51222;https://t.me/HersonVestnik
1349489051;@vdv_nkn;Za VDV ‚Äî –ù–∏–∫—Ç–æ –∫—Ä–æ–º–µ –Ω–∞c!;10660;https://t.me/vdv_nkn
1653838881;@zadesaatnikov;ZA –°–¢–ê–í–†–û–ü–û–õ–¨–°–ö–ò–• –î–ï–°–ê–ù–¢–ù–ò–ö–ûV;2876;https://t.me/zadesaatnikov
1709812642;@zvdvru;–í–î–í –†–æ—Å—Å–∏–∏;32206;https://t.me/zvdvru
1390726202;@ramzayiegokomanda;–†–∞–º–∑–∞–π;91170;https://t.me/ramzayiegokomanda
1679982447;@Mestb_Dobroj_Voli;–ú–µ—Å—Ç—å –¥–æ–±—Ä–æ–π –≤–æ–ª–∏;7142;https://t.me/Mestb_Dobroj_Voli
1120807475;@vladlentatarsky;–í–ª–∞–¥–ª–µ–Ω –¢–∞—Ç–∞—Ä—Å–∫–∏–π;527267;https://t.me/vladlentatarsky
1362260181;@gleberve;–í–æ–µ–Ω–∫–æ—Ä –ì–ª–µ–± –≠—Ä–≤—å–µ | Z;12240;https://t.me/gleberve
1437814721;@zola_of_renovation;V–ª–∞–¥–∏—Å–ª–∞–≤ –£–≥–æ–ª—å–Ω—ã–π;40497;https://t.me/zola_of_renovation
1713799616;@zprognozb;Z –ø—Ä–æ–≥–Ω–æ–∑—ã 2.0;12535;https://t.me/zprognozb
1818483768;@XNRRussia;–•–∞—Ä—å–∫–æ–≤—Å–∫–æ–µ –Ω–∞–ø—Ä–∞–≤–ª–µ–Ω–∏–µ;6626;https://t.me/XNRRussia
1554091644;@panchenkodi;–ü–ê–ù–ß–ï–ù–ö–û;109687;https://t.me/panchenkodi
1652603813;@kondrusius;–ü—Ä–∞–≤–¥–∞ 2022;12829;https://t.me/kondrusius
1513431778;@dva_majors;–î–≤–∞ –º–∞–π–æ—Ä–∞;232726;https://t.me/dva_majors
1699630071;@frontbird;–§—Ä–æ–Ω—Ç–æ–≤–∞—è –ø—Ç–∏—á–∫–∞;41571;https://t.me/frontbird
1774281143;@SignalMan_Kiba;–ß–∞—Ç —Å–≤—è–∑–∏—Å—Ç–∞ –ö–∏–±—ã;1430;https://t.me/SignalMan_Kiba
1441564230;@notes_veterans;Z–ê–ü–ò–°–ö–ò V–ï–¢–ï–†–ê–ù–ê;302800;https://t.me/notes_veterans
1324060080;@olegtsarov;–û–ª–µ–≥ –¶–∞—Ä—ë–≤;284421;https://t.me/olegtsarov
1321128351;@Topaz_Govorit;–ì–æ–≤–æ—Ä–∏—Ç –¢–æ–ø–∞Zü¶©#–®–í–û;69081;https://t.me/Topaz_Govorit
1499033087;@mihalych67;–í–ï–°–ï–õ–û–í–°–ö–ò–ô üá∑üá∫;19227;https://t.me/mihalych67
1864309667;@obtf_kaskad;–û–ë–¢–§ "–ö–∞—Å–∫–∞–¥";39579;https://t.me/obtf_kaskad
1372147953;@nm_dnr;–ù–∞—Ä–æ–¥–Ω–∞—è –º–∏–ª–∏—Ü–∏—è –î–ù–†;101383;https://t.me/nm_dnr
1602838096;@xronikabpla;–•—Ä–æ–Ω–∏–∫–∞ –æ–ø–µ—Ä–∞—Ç–æ—Ä–∞ –ë–ø–õ–ê;31329;https://t.me/xronikabpla
1264067946;@sons_fatherland;–°—ã–Ω—ã –û—Ç–µ—á–µ—Å—Ç–≤–∞;25532;https://t.me/sons_fatherland
1126629353;@kremlinprachka;–ö—Ä–µ–º–ª—ë–≤—Å–∫–∞—è –ø—Ä–∞—á–∫–∞;257087;https://t.me/kremlinprachka
1205641526;@warhistoryalconafter;–ö–∏—Ä–∏–ª–ª –§—ë–¥–æ—Ä–æ–≤ / –í–æ–π–Ω–∞ –ò—Å—Ç–æ—Ä–∏—è –û—Ä—É–∂–∏–µ;392366;https://t.me/warhistoryalconafter
1636848616;@zov_snb;ZOV - –°–≤–æ–∏—Ö –Ω–µ –±—Ä–æ—Å–∞–µ–º;30725;https://t.me/zov_snb
1333997861;@sharij_official;–ü–∞—Ä—Ç–∏—è –®–∞—Ä–∏—è;11203;https://t.me/sharij_official
1878618878;@russian_airborne;–ö—Ä—ã–ª–∞—Ç—ã–µ;20657;https://t.me/russian_airborne
1691685179;@ZSU_Hunter_2_0;ZSU Hunter 2.0;17211;https://t.me/ZSU_Hunter_2_0
1200244651;@razved_dozor;–†–∞Z–≤–µ–¥_–î–æZ–æ—Ä;69806;https://t.me/razved_dozor
1685469780;@zhogaartem;–ñ–û–ì–ê;64864;https://t.me/zhogaartem
1707117669;@zachistka_ua;Z–ê–ß–ò–°–¢–ö–ê;56835;https://t.me/zachistka_ua
1447880106;@voin_dv;–í–æ–∏–Ω DV;49305;https://t.me/voin_dv
1820604299;@DRO_Wolves;1-—è –î–†–®–ë—Ä ¬´–í–æ–ª–∫–∏¬ª üê∫;8869;https://t.me/DRO_Wolves
1349671737;@Ratnik2nd;–†–∞—Ç–Ω–∏–∫ 2-–≥–æ —Ä–∞Z—Ä—è–¥–∞;19309;https://t.me/Ratnik2nd
1781994381;@ttambyl;–¢–´ –¢–ê–ú –ë–´–õ? (–ü–∞–≤–µ–ª –ö—É–∫—É—à–∫–∏–Ω);21549;https://t.me/ttambyl
1555369330;@ptsr_team;–ü–¢–°–† TEAM Community;40514;https://t.me/ptsr_team
1865528673;@fiftnmls;–°–∫–æ—Ç–æ–º–æ–≥–∏–ª—å–Ω–∏–∫ | 18+ | –î–æ—Ö–ª—ã–µ —Ö–æ—Ö–ª—ã;23383;https://t.me/fiftnmls
1384810466;@vezhlivo_ru;–í–µ–∂–ª–∏–≤—ã–µ –ª—é–¥–∏;84850;https://t.me/vezhlivo_ru
1662362942;@sev_serdca;Z‚ù§Ô∏è‚Äçüî•V | –°–µ—Ä–¥—Ü–µ –°–µ–≤–∞—Å—Ç–æ–ø–æ–ª—è;4530;https://t.me/sev_serdca
1301903694;@a_vyshinskiy;–ê–Ω–¥—Ä–µ–π V—ã—à–∏–Ω—Å–∫–∏–π;67284;https://t.me/a_vyshinskiy
1724181468;@zarussia_1;–ü—Ä–∞–≤–¥–∞ –∑–∞ –Ω–∞–º–∏;190359;https://t.me/zarussia_1
1252470989;@nos_chanel;–ù–û–°;113095;https://t.me/nos_chanel
1547226852;@heroesofZ;–ì–µ—Ä–æ–∏ —Å–ø–µ—Ü–æ–ø–µ—Ä–∞—Ü–∏–∏ Z;36875;https://t.me/heroesofZ
1085671411;@rlz_the_kraken;–í—ã–ø—É—Å–∫–∞–π—Ç–µ –ö—Ä–∞–∫–µ–Ω–∞!;303657;https://t.me/rlz_the_kraken
1345033410;@bye_biden;–ë–∞–π–ë–∞–π–¥–µ–Ω;71080;https://t.me/bye_biden
1283016748;@cyber_frontZ;–ö–ò–ë–ï–† –§–†–û–ù–¢ Z üá∑üá∫;120888;https://t.me/cyber_frontZ
1382434580;@rosgvardia67;ROSGVARDIA_RUSSIA Z;36658;https://t.me/rosgvardia67
1609429082;@svodki_opolcheniya;–°–í–û–î–ö–ò –û–ü–û–õ–ß–ï–ù–ò–Ø;76066;https://t.me/svodki_opolcheniya
1254642005;@militarydonetsk;–í–æ–µ–Ω–Ω—ã–π ‚ìè –î–æ–Ω–µ—Ü–∫ | –°–≤–æ–¥–∫–∏ | –°–í–û;69281;https://t.me/militarydonetsk
1118084216;@energynewz;–†–æ—Å—Å–∏—è –∏ –£–∫—Ä–∞–∏–Ω–∞ –ù–æ–≤–æ—Å—Ç–∏: –°–ø–µ—Ü–æ–ø–µ—Ä–∞—Ü–∏—è Z;100928;https://t.me/energynewz
1099737840;@rusvesnasu;–†—É—Å—Å–∫–∞—è –í–µ—Å–Ω–∞ Z : —Å–ø–µ—Ü–æ–ø–µ—Ä–∞—Ü–∏—è –Ω–∞ –£–∫—Ä–∞–∏–Ω–µ –∏ –î–æ–Ω–±–∞—Å—Å–µ;213411;https://t.me/rusvesnasu
1381795855;@russian_spring_zz;–†—É—Å—Å–∫–∞—è –í–µ—Å–Ω–∞ | –°–ü–ï–¶–û–ü–ï–†–ê–¶–ò–Ø Z;32421;https://t.me/russian_spring_zz
1763823956;@hero_svo;üá∑üá∫–ì–µ—Ä–æ–∏ —Å–ø–µ—Ü–æ–ø–µ—Ä–∞—Ü–∏–∏ Züá∑üá∫;2278;https://t.me/hero_svo
1628883874;@slezhuza_voenkor;–°–ª–µ–∂—É–ó–∞ - –í–æ–µ–Ω–∫–æ—Ä—ã;17254;https://t.me/slezhuza_voenkor
1647790706;@yaremshooter;–í–æ–µ–Ω–∫–æ—Ä –Ø—Ä–µ–º;79824;https://t.me/yaremshooter
1360364343;@evgeniy_lisitsyn;–í–æ–µ–Ω–∫–æ—Ä l Z l –õ–∏—Å–∏—Ü—ã–Ω ZOV-TV;64004;https://t.me/evgeniy_lisitsyn
1615061331;@killnet_mirror;–ü–∏—Å–∞—Ä—å –∏–∑ –®—Ç–∞–±–∞üñä;25209;https://t.me/killnet_mirror
1584480250;@rustroyka1945;–¢–†–û–ô–ö–ê üè¥‚Äç‚ò†Ô∏è;215658;https://t.me/rustroyka1945
1641806445;@zhizn_fm;‚ô•Ô∏è –†–ê–î–ò–û –ñ–ò–ó–ù–¨;6746;https://t.me/zhizn_fm
1748666027;@VoZmezdie2022;V–ûZ–ú–ï–ó–î–ò–ï;16952;https://t.me/VoZmezdie2022
1571907693;@nationconsunion;–û.–ö.–û.;18833;https://t.me/nationconsunion
1223016320;@wehearfromyanina;–ù–∞–º –ø–∏—à—É—Ç –∏–∑ –Ø–Ω–∏–Ω—ã.;92310;https://t.me/wehearfromyanina
1188582446;@soldiers_truth;–°–û–õ–î–ê–¢–°–ö–ê–Ø –ü–†–ê–í–î–ê #–ö–†–ü;43409;https://t.me/soldiers_truth
1165131018;@Za_Derjavy;Z–∞ (V)–ü–æ–±—£–¥—É;22960;https://t.me/Za_Derjavy
1404241116;@putnik1lv;–õ–µ–≤ –í–µ—Ä—à–∏–Ω–∏–Ω;21707;https://t.me/putnik1lv
1155389484;@rogozin_do;–†–û–ì–û–ó–ò–ù –ù–ê –§–†–û–ù–¢–ï;84838;https://t.me/rogozin_do
1193421722;@first_political;First –ù–æ–≤–æ—Å—Ç–∏ –í–æ–π–Ω—ã;376338;https://t.me/first_political
1739446698;@otryadkovpaka;–û—Ç—Ä—è–¥ –ö–æ–≤–ø–∞–∫–∞;60788;https://t.me/otryadkovpaka
1705554837;@nmakeevaZ;–ù–∞—Ç–∞–ª—å—è –ú–∞–∫–µ–µ–≤–∞‚ö°Ô∏è Z;505;https://t.me/nmakeevaZ
1143524041;@comradepelevin;–ê–ª–µ–∫—Å–∞–Ω–¥—Ä –ü–µ–ª–µ–≤–∏–Ω;20738;https://t.me/comradepelevin
1182607945;@dolgarevaanna;–î–û–õ–ì–ê–†–ïV–ê;49185;https://t.me/dolgarevaanna
1036362176;@rt_russian;RT –Ω–∞ —Ä—É—Å—Å–∫–æ–º;702473;https://t.me/rt_russian
1463486789;@akimapachev;–ê–∫–∏–º –ê–ø–∞—á–µ–≤ üèπ;72349;https://t.me/akimapachev
1176247089;@harry_homolsky;Dirty Harry | –ò–≥–æ—Ä—å –ì–æ–º–æ–ª—å—Å–∫–∏–π;31495;https://t.me/harry_homolsky
1778863412;@real_cultras;real cultras Z;20436;https://t.me/real_cultras
1794711668;@pezdicide;–°–∏—Å—Ç–µ–º–Ω—ã–π –ø–µ—Å—Ç–∏—Ü–∏–¥;13743;https://t.me/pezdicide
1169436645;@grishkafilippov;–î–º–∏—Ç—Ä–∏–π –ö–æ–Ω–∞–Ω—ã—Ö–∏–Ω;34748;https://t.me/grishkafilippov
1255807651;@rusengineer;–†—É—Å—Å–∫–∏–π –∏–Ω–∂–µ–Ω–µ—Ä;38041;https://t.me/rusengineer
1144180066;@swodki;‚ö°Ô∏èüá∑üá∫ –°–≤–æ–¥–∫–∏ –æ–ø–æ–ª—á–µ–Ω–∏—è –ù–æ–≤–æ—Ä–æ—Å—Å–∏–∏ Z.O.V. (–î–ù–†  –õ–ù–†  –£–∫—Ä–∞–∏–Ω–∞  –í–æ–π–Ω–∞);276971;https://t.me/swodki
1138493441;@talipovonline;–¢–∞–ª–∏–ø–æV ùêéùêßùê•ùê¢ùêßùêû üÖâ;83771;https://t.me/talipovonline
1164396748;@cmiye;–°–∏–Ω—è—è Z –ë–æ—Ä–æ–¥–∞;75505;https://t.me/cmiye
1790675579;@z_arhiv;Z –∫–æ–º–∏—Ç–µ—Ç + –∫–∞—Ä—Ç–∞ –°–í–û;17371;https://t.me/z_arhiv
1618330337;@DroneCenterDNR;–†–¶–ë–°;10360;https://t.me/DroneCenterDNR
1340207270;@drugoros_spb;–õ–ï–ù–ò–ù–ì–†–ò–ë üÖâ (–Ω–∞—Ü–±–æ–ª—ã);1721;https://t.me/drugoros_spb
1183570279;@mardanaka;–ú–ê–†–î–ê–ù;234916;https://t.me/mardanaka
1064580781;@smolyak;–°–ú–û–õ–Ø–ö;3730;https://t.me/smolyak
1318146845;@podled;–ü–æ–¥ –ª–µ–¥;18565;https://t.me/podled
1965208606;@KRPRus;–ö–ª—É–± —Ä–∞—Å—Å–µ—Ä–∂–µ–Ω–Ω—ã—Ö –ø–∞—Ç—Ä–∏–æ—Ç–æ–≤;8814;https://t.me/KRPRus
1267913497;@russia_and_anvil;–°–∞–≤–≤–∞ –§–µ–¥–æ—Å–µ–µ–≤;2173;https://t.me/russia_and_anvil
1633117192;@kaluginlaw;–õ—ë—à–∞ 282;345;https://t.me/kaluginlaw
1108693084;@adirect;–ü—Ä—è–º–æ–µ –¥–µ–π—Å—Ç–≤–∏–µ‚ö°Z;10242;https://t.me/adirect
1115845367;@bunkerdayly;#–±—É–¥–Ω–∏–ë—É–Ω–∫–µ—Ä–∞‚ö°Ô∏èZ;1148;https://t.me/bunkerdayly
1325838930;@mihailaksel;–ú–∏—Ö–∞–∏–ª –ê–∫—Å–µ–ª—å;2794;https://t.me/mihailaksel
1684869843;@interbrigady2022;–ò–Ω—Ç–µ—Ä–±—Ä–∏–≥–∞–¥—ã 2022;3306;https://t.me/interbrigady2022
1861994085;@privatekycha;–†–µ–ø–æ—Ä—Ç–∞–∂ —Ä—è–¥–æ–≤–æ–≥–æ –ö—É—á–∏;178;https://t.me/privatekycha
1084368520;@topwar_official;–í–æ–µ–Ω–Ω–æ–µ –æ–±–æ–∑—Ä–µ–Ω–∏–µ;110682;https://t.me/topwar_official
1564815832;@tarik_news;Tarik_news;14851;https://t.me/tarik_news
1749185625;@JokerDPR;–î–∂–æ–∫–µ—Ä –î–ù–†;244791;https://t.me/JokerDPR
1595839251;@milchronicles;–í–æ–µ–Ω–Ω–∞—è —Ö—Ä–æ–Ω–∏–∫–∞;267564;https://t.me/milchronicles
1537094605;@artelfilms;aRTel.doc|–î–æ–∫—É–º–µ–Ω—Ç–∞–ª—å–Ω–æ–µ –∫–∏–Ω–æ;27723;https://t.me/artelfilms
1251217154;@fighter_bomber;Fighterbomber;311708;https://t.me/fighter_bomber
1085428736;@staraya;–°—Ç–∞—Ä–∞—è –ø–ª–æ—â–∞–¥—å;129008;https://t.me/staraya
1254663237;@asphaltt;–ê—Å—Ñ–∞–ª—å—Ç;37580;https://t.me/asphaltt
1720094906;@Lunay14;–õ—ã–Ω—è_14 ü´°;12968;https://t.me/Lunay14
1754432876;@genshtab24;–ü–æ—Ä—Ç—Ñ–µ–ª—å –ì–µ–Ω—à—Ç–∞–±–∞;42526;https://t.me/genshtab24
1578167821;@maryananaumova;–ú–∞—Ä—å—è–Ω–∞ –ë–∞—Ç—å–∫–æ–≤–Ω–∞;70965;https://t.me/maryananaumova
1263953596;@grey_zone;GREY ZONE;467066;https://t.me/grey_zone
1510885863;@olgavyazovskaya2014;–û–ª—å–≥–∞ –í—è–∑–æ–≤—Å–∫–∞—è "–õ–µ–ª—è";350;https://t.me/olgavyazovskaya2014
1514041375;@bayraktar1070;–°–≤–∏–¥–µ—Ç–µ–ª–∏ –ë–∞–π—Ä–∞–∫—Ç–∞—Ä–∞;77506;https://t.me/bayraktar1070
1891622777;@Opalennye_vojnoj;–û–ø–∞–ª—ë–Ω–Ω—ã–µ –≤–æ–π–Ω–æ–π;5678;https://t.me/Opalennye_vojnoj
1778244325;@MilitaryCriminal;–í–æ–µ–Ω–Ω—ã–µ –ø—Ä–µ—Å—Ç—É–ø–Ω–∏–∫–∏;12238;https://t.me/MilitaryCriminal
1497591396;@riafan_everywhere;–ú–ï–ñ–î–£–ù–ê–†–û–î–ù–´–ô –§–ê–ù;38581;https://t.me/riafan_everywhere
1167445017;@politadequate;–ê–î–ï–ö–í–ê–¢ Z;190708;https://t.me/politadequate
1403923761;@southtower;–Æ–∂–Ω–∞—è –±–∞—à–Ω—è;86607;https://t.me/southtower
1742205509;@donezkiy;–î–æ–Ω–µZ–∫–∏–π;14878;https://t.me/donezkiy
1460490796;@melnikby;–ú–µ–ª—å–Ω–∏–∫;1609;https://t.me/melnikby
1376818144;@brussinf;–ü–æ–∑—ã–≤–Ω–æ–π –ë—Ä—é—Å;125694;https://t.me/brussinf
1793081466;@bolshiepushki;–ö—Ä—É–ø–Ω–æ–∫–∞–ª–∏–±–µ—Ä–Ω—ã–π –ü–µ—Ä–µ–ø–æ–ª–æ—Ö;307897;https://t.me/bolshiepushki
1130915140;@news_forfree;–í–∞—à–∏ –ù–æ–≤–æ—Å—Ç–∏;25506;https://t.me/news_forfree
1633785633;@WarInMyEyes;–í–æ–π–Ω–∞ –ì–ª–∞–∑–∞–º–∏ –ñ—É—Ä–Ω–∞–ª–∏—Å—Ç–∞;6430;https://t.me/WarInMyEyes
1527209198;@readovkaru;–û–±—ä—è—Å–Ω—è–µ—Ç Readovka;585122;https://t.me/readovkaru
1363490654;@astrahandm;–í–æ–µ–Ω–∫–æ—Ä –ê—Å—Ç—Ä–∞—Ö–∞–Ω—å;42811;https://t.me/astrahandm
1510937160;@MOOVeche;–ú–û–û –í–µ—á–µ;12798;https://t.me/MOOVeche
1459051914;@Ugolok_Sitha;–£–≥–æ–ª–æ–∫ –°–∏—Ç—Ö–∞;62566;https://t.me/Ugolok_Sitha
1216029091;@militaryreview;–í –æ–±–æ–∑–µ (–í–æ–µ–Ω–Ω–æ–µ –æ–±–æ–∑—Ä–µ–Ω–∏–µ);10619;https://t.me/militaryreview
1297608614;@usaperiodical;–ê–º–µ—Ä–∏–∫–∞–Ω—Å–∫i–π –Ω–æ–º–µ—Ä—ä;13261;https://t.me/usaperiodical
1279747448;@mig41;–ú–ò–ì –†–æ—Å—Å–∏–∏;460511;https://t.me/mig41
1694579962;@pravda_gazeta;–ì–∞–∑–µ—Ç–∞ –ü–†–ê–í–î–ê;1937;https://t.me/pravda_gazeta
1218410161;@ChDambiev;Dambiev;119381;https://t.me/ChDambiev
1472178916;@vrogov;–í–ª–∞–¥–∏–º–∏—Ä –†–æ–≥–æ–≤;114807;https://t.me/vrogov
1419454128;@china3army;China army;22419;https://t.me/china3army
1632157043;@katya_valya_dnr;–ö–∞—Ç—è–í–∞–ª—è–î–ù–†;32096;https://t.me/katya_valya_dnr
1215462939;@anna_news;ANNA-NEWS;319870;https://t.me/anna_news
1711795532;@projectArchangel;–ü—Ä–æ–µ–∫—Ç ¬´–ê—Ä—Ö–∞–Ω–≥–µ–ª¬ª. –°–æ–∑–¥–∞–Ω–∏–µ –ë–ü–õ–ê.;2078;https://t.me/projectArchangel
1637872673;@andrew_kots;RIA_KotZ;4051;https://t.me/andrew_kots
1730451225;@ua_tribunal;–¢–†–ò–ë–£–ù–ê–õ;82339;https://t.me/ua_tribunal
1136354156;@Belarus_VPO;–ë–µ–ª–í–ü–û;25061;https://t.me/Belarus_VPO
1314503315;@nashiivashi;–ù–ê–®–ò –ò –í–ê–®–ò;17332;https://t.me/nashiivashi
1497767963;@FridrihShow;–§–†–ò–î–†–ò–• üé≠;85752;https://t.me/FridrihShow
1210987817;@NeoficialniyBeZsonoV;–ù–µ–æ—Ñ–∏—Ü–∏–∞–ª—å–Ω—ã–π –ë–µ–∑—Å–æ–Ω–æ–≤ "Z";384405;https://t.me/NeoficialniyBeZsonoV
1588819534;@poisk_mil;–ü–æ–∏—Å–∫–æ–≤–∏–∫ –ó–í–ò;27856;https://t.me/poisk_mil
1449542305;@ImpNavigator;ImpNavigator;4982;https://t.me/ImpNavigator
1495842437;@kommunist;–ù–∞—Å—Ç–æ—è—â–∏–π –ø–æ–ª–∫–æV–Ω–∏–∫|Z|–í–∏—Ç–∞–ª–∏–π –ö–∏—Å–µ–ª–µ–≤;19655;https://t.me/kommunist
1050820672;@tass_agency;–¢–ê–°–°;337813;https://t.me/tass_agency
1396864349;@belarusian_silovik;–ë–µ–ª–æ—Ä—É—Å—Å–∫–∏–π —Å–∏–ª–æ–≤–∏–∫ üáßüáæ;49083;https://t.me/belarusian_silovik
1686898380;@globalwarzone;WAR[Z]ONE;11677;https://t.me/globalwarzone
1508649222;@Aksenov82;–ê–∫—Å—ë–Ω–æ–≤ Z 82;98770;https://t.me/Aksenov82
1639969141;@mariupolz;–ú–∞—Ä–∏—É–ø–æ–ª—å —Å–µ–π—á–∞—Å üá∑üá∫;14475;https://t.me/mariupolz
1754988582;@polk105;Z 105-–π –ø–æ–ª–∫ –ù–ú –î–ù–†;12577;https://t.me/polk105
1343146866;@diza_donbass;–í–æ–µ–Ω–∫–æ—Ä –ê–Ω–¥—Ä–µ–π –ö–∞–º—ã–∂–∏–∫–∏–Ω;10842;https://t.me/diza_donbass
1306452961;@ok_spn;–ö–∞–Ω–∞–ª —Å–ø–µ—Ü–∏–∞–ª—å–Ω–æ–≥–æ –Ω–∞–∑–Ω–∞—á–µ–Ω–∏—è;80232;https://t.me/ok_spn
1107869175;@militarymaps;MilitaryMaps | Z üá∑üá∫;37655;https://t.me/militarymaps
1701685420;@video_languages;–†–û–õ–ò–ö–ò –ù–ê –†–ê–ó–ù–´–• –Ø–ó–´–ö–ê–•;17429;https://t.me/video_languages
1788479409;@Irna_ru;IRNA –ù–ê –†–£–°–°–ö–û–ú;26123;https://t.me/Irna_ru
1057004251;@vatfor;–í–∞—Ç—Ñ–æ—Ä | –ê–≤—Ç–æ—Å—Ç—Ä–∞–¥–Ω—ã–π think tank;21197;https://t.me/vatfor
1837757788;@lost_armour;LOSTARMOUR | Carthago delenda est!;18230;https://t.me/lost_armour
1001104273;@lifenews;LIFE. –†–∞—Å—Å–ª–µ–¥–æ–≤–∞–Ω–∏—è;21636;https://t.me/lifenews
1248668939;@WarDonbass;WarDonbass;97472;https://t.me/WarDonbass
1114515244;@vzglyad_ru;V Z - –í–ó–ì–õ–Ø–î.–†–£;94781;https://t.me/vzglyad_ru
1562062076;@diplosource;–î–∏–ø–ª–æ–º–∞—Ç–∏—á–µ—Å–∫–∏–π –∏—Å—Ç–æ—á–Ω–∏–∫;2184;https://t.me/diplosource
1626969489;@pozivnoiZ;–ü–æ–∑—ã–≤–Ω–æ–π Z üá∑üá∫;1354;https://t.me/pozivnoiZ
1065276858;@MID_Russia;–ú–ò–î –†–æ—Å—Å–∏–∏ üá∑üá∫;115101;https://t.me/MID_Russia
1604696460;@de_adler;–ù–µ–º–µ—Ü–∫–∏–π –æ—Ä–µ–ª/Deutscher Adler;2553;https://t.me/de_adler
1356558570;@maximgrigoryev;–ì–†–ò–ì–û–†–¨–ï–í;16611;https://t.me/maximgrigoryev
1877450628;@wagner_employment;–ß–í–ö –í–∞–≥–Ω–µ—Ä | –û–±—ä—è–≤–ª–µ–Ω–∏—è –æ —Ä–∞–±–æ—Ç–µ;13987;https://t.me/wagner_employment
1658950550;@dazbastadraw;DaZbastaDraw;12755;https://t.me/dazbastadraw
1692092745;@ZGorokhoV;–ì–æ—Ä–ò–Ω—Ñ–æ—Ä–º–±—é—Ä–æ;574;https://t.me/ZGorokhoV
1522549638;@voenkor_evtushenko;–í–æ–µ–Ω–∫–æ—Ä Z –ï–≤—Ç—É—à–µ–Ω–∫–æ;13135;https://t.me/voenkor_evtushenko
1462161273;@npo_dvina;–í–ª–∞–¥–∏–º–∏—Ä –û—Ä–ª–æ–≤;10542;https://t.me/npo_dvina
1137281358;@prchand;–ö–∏—Ç–∞–π—Å–∫–∏–π —Å–≤—èZ–Ω–æj;70574;https://t.me/prchand
1767509693;@AG_DPR;–ê–¥–º–∏–Ω–∏—Å—Ç—Ä–∞—Ü–∏—è –ì–ª–∞–≤—ã –î–ù–†;21946;https://t.me/AG_DPR
1170571084;@baltnews;BALTNEWS;16446;https://t.me/baltnews
1082968817;@mod_russia;–ú–∏–Ω–æ–±–æ—Ä–æ–Ω—ã –†–æ—Å—Å–∏–∏;478933;https://t.me/mod_russia
1454608934;@Russiaanews;Russia News;11974;https://t.me/Russiaanews
1255369113;@rosgvardszo;–†–æ—Å–≥–≤–∞—Ä–¥–∏—è. –°–µ–≤–µ—Ä–æ-–ó–∞–ø–∞–¥–Ω—ã–π –æ–∫—Ä—É–≥;1634;https://t.me/rosgvardszo
1819654448;@pyospzdc;–ü—ë—Å ¬´–ü¬ª;6125;https://t.me/pyospzdc
1480126288;@brekotins;–ë—Ä–µ–∫–æ—Ç–∏–Ω;57364;https://t.me/brekotins
1210023966;@needleraw;–°—ã—Ä—å–µ–≤–∞—è –∏–≥–ª–∞;11934;https://t.me/needleraw
1192450220;@skabeeva;–°–∫–∞–±–µ–µ–≤–∞;193427;https://t.me/skabeeva
1705184188;@DV_Sablin;–î–º–∏—Ç—Ä–∏–π –°–∞–±–ª–∏–Ω;7581;https://t.me/DV_Sablin
1138914412;@Doninside;Inside üÖâ Donetsk;47692;https://t.me/Doninside
1664841264;@BattleSailor_13;Battle_üÖâ _Sailor ‚öì;53765;https://t.me/BattleSailor_13
1170534576;@Russian_OSINT;Russian OSINT;24968;https://t.me/Russian_OSINT
1767881777;@z4lpr;Z4üá∑üá∫;80381;https://t.me/z4lpr
1509255982;@elsukova_an;–ï–ª—Å—É–∫–æ–≤–∞;10915;https://t.me/elsukova_an
1583717934;@Sargon_Hadaya;Sargon Hadaya;5237;https://t.me/Sargon_Hadaya
1725239001;@DKulko;–í–æ–µ–Ω–∫–æ—Ä –ö—É–ª—å–∫–æ;24549;https://t.me/DKulko
1335635435;@newsfrontnotes;FRONT–æ–≤—ã–µ Z–∞–º–µ—Ç–∫–∏;55860;https://t.me/newsfrontnotes
1438869004;@RealdocProductions;Realdoc;40353;https://t.me/RealdocProductions
1540804200;@ukrainian_guide;–ù–∞–ø—Ä–∞–≤–ª–µ–Ω–µ—Ü –ø–æ –£–∫—Ä–∞–∏–Ω–µ;12762;https://t.me/ukrainian_guide
1223185389;@smotri_media;–°–ú–û–¢–†–ò;41282;https://t.me/smotri_media
1620209347;@nemeZ1da_ru;–ù–µ–º–µZ–∏–¥–∞;69686;https://t.me/nemeZ1da_ru
1033134963;@inosmichannel;–ò–Ω–æ–°–ú–ò;102029;https://t.me/inosmichannel
1285691749;@wandererchannel;–°—É—Ä–æ–≤—ã–π –ê—Ä–º–∞–≥–µ–¥–¥–æ–Ω;16134;https://t.me/wandererchannel
1437878719;@skurlatovlive;–°–∫—É—Ä–ª–∞—Ç–æ–≤ live;243671;https://t.me/skurlatovlive
1666602871;@periskop_pacific;–ë–ª–æ–∫–Ω–æ—Ç ‚öí –ü–µ—Ä–∏—Å–∫–æ–ø–∞;12790;https://t.me/periskop_pacific
1555799384;@wartearsorg;wartears;2048;https://t.me/wartearsorg
1144616980;@zvezdanews;Zvezdanews;106852;https://t.me/zvezdanews
1551891830;@suverennews;–°—É–≤–µ—Ä–µ–Ω–Ω–∞—è —ç–∫–æ–Ω–æ–º–∏–∫–∞;274256;https://t.me/suverennews
1311456012;@shorokhOFF;–®–æ—Ä–æ—Ö–æ–≤;671;https://t.me/shorokhOFF
1320786407;@andrey_yashchenko;–ê–Ω–¥—Ä–µ–π –Ø—â–µ–Ω–∫–æ;2322;https://t.me/andrey_yashchenko
1452099976;@v_and_z;–í–µ–∂–ª–∏–≤—ã–µ –∏ –ó–∞–±–æ—Ç–ª–∏–≤—ã–µ;17640;https://t.me/v_and_z
1296355218;@pravda_shuravi;Z –ü—Ä–∞–≤–¥–∞ –®—É—Ä–∞–≤–∏.;27684;https://t.me/pravda_shuravi
1323132810;@RSaponkov;–†–æ–º–∞–Ω –°–∞–ø–æ–Ω—å–∫–æ–≤;69463;https://t.me/RSaponkov
1400338245;@svarschiki;‚öî –°–í–ê–†–©–ò–ö–ò;82522;https://t.me/svarschiki
1156791035;@south0wind;–Æ–∂–Ω—ã–π –≤–µ—Ç–µ—Ä;28511;https://t.me/south0wind
1774541028;@ravenstvomedia;–†–∞–≤–µ–Ω—Å—Ç–≤–æ.–ú–µ–¥–∏–∞;7242;https://t.me/ravenstvomedia
1752720583;@garmaev_alexander;–ì–∞—Ä–º–∞–µ–≤ –ê–ª–µ–∫—Å–∞–Ω–¥—Ä;27751;https://t.me/garmaev_alexander
1440306181;@Grantoed_by;–ì—Ä–∞–Ω—Ç–æ–µ–¥.by;3137;https://t.me/Grantoed_by
1716503574;@Soldierline;–†—è–¥–æ–≤–æ–π –Ω–∞ –ø—Ä–æ–≤–æ–¥–µ;10415;https://t.me/Soldierline
1464146642;@RtrDonetsk;–†–µ–ø–æ—Ä—Ç—ë—Ä –†—É–¥–µ–Ω–∫–æ Vüá∑üá∫;274361;https://t.me/RtrDonetsk
1627892443;@politolog_kolp;–ü–û–õ–ò–¢–û–õ–û–ì –í–ò–¢–ê–õ–ò–ô –ö–û–õ–ü–ê–®–ù–ò–ö–û–í;3469;https://t.me/politolog_kolp
1201790214;@Ukr_G_M;U_G_M;89114;https://t.me/Ukr_G_M
1046511458;@ikakprosto;–°–¢–ê–° –ë–û–ú–ë–ò–¢;403560;https://t.me/ikakprosto
1429994323;@pul_1;–ü—É–ª –ü–µ—Ä–≤–æ–≥–æ;156848;https://t.me/pul_1
1052505009;@oper_goblin;Tynu40k Goblina (oper.ru);494204;https://t.me/oper_goblin
1554191741;@zluchka_tactical;Zluchka Tactical;16504;https://t.me/zluchka_tactical
1599966021;@m0sc0wcalling;Moscow calling;78939;https://t.me/m0sc0wcalling
1283625381;@msgazdiev;Murado;41826;https://t.me/msgazdiev
1758168560;@concordgroup_official;–ü—Ä–µ—Å—Å-—Å–ª—É–∂–±–∞ –ü—Ä–∏–≥–æ–∂–∏–Ω–∞;199814;https://t.me/concordgroup_official
1172117729;@copperhorn;–ú–µ–¥–Ω—ã–π —Ä—É–ø–æ—Ä üá∑üá∫ Z;6805;https://t.me/copperhorn
1169405592;@Dr_Livsi_Ru;üè¥‚Äç‚ò†Ô∏èDr.Livsiüè¥‚Äç‚ò†Ô∏è;29930;https://t.me/Dr_Livsi_Ru
1192183626;@oboronka_channel;–û–±–æ—Ä–æ–Ω–∫–∞;29321;https://t.me/oboronka_channel
1236037451;@faceofwar;–õ–∏–∫ –í–æ–π–Ω—ã.;112967;https://t.me/faceofwar
1116518636;@steelmalikov;–ú–ê–õ–ò–ö–û–í;6237;https://t.me/steelmalikov
1743564634;@nopasaranrus;¬°No Pasar√†n!;2067;https://t.me/nopasaranrus
1138734339;@atodoneck;–ê–¢–û –î–æ–Ω–µ—Ü–∫ üÖâ | –ù–æ–≤–æ—Å—Ç–∏;11502;https://t.me/atodoneck
1778612761;@crew_russia;–°REW RUSSIA;65173;https://t.me/crew_russia
1184972351;@slavaded1337;–î—è–¥—è –°–ª–∞–≤–∞;327410;https://t.me/slavaded1337
1600482647;@rtbalkan_ru;RT –Ω–∞ –ë–∞–ª–∫–∞–Ω–∞—Ö;6970;https://t.me/rtbalkan_ru
1505866568;@bear007;–ú–µ–¥–≤–µ–¥—å;38854;https://t.me/bear007
1429954756;@opasny366;–û–ø–∞—Å–Ω—ã–π –§—Ä—É–∫—Ç;10730;https://t.me/opasny366
1203632631;@pvo_vks;–í–ï–°–¢–ù–ò–ö –ü–í–û –ò –í–ö–°;11267;https://t.me/pvo_vks
1769400021;@rusvarg;RUSVARG;14847;https://t.me/rusvarg
1134883933;@MayorFSB;–¢–æ–≤–∞—Ä–∏—â Z –º–∞–π–æ—Ä;27521;https://t.me/MayorFSB
1397380283;@warwebm;war webm.;32471;https://t.me/warwebm
1152463236;@vorposte;–§–æ—Ä–ø–æ—Å—Ç;102126;https://t.me/vorposte
1473281847;@mikayelbad;Mika Badalyan;29190;https://t.me/mikayelbad
1453804949;@OstashkoNews;–û—Å—Ç–∞—à–∫–æ! –í–∞–∂–Ω–æ–µ;341719;https://t.me/OstashkoNews
1043238747;@ia_steklomoy;–ò–ê "–°—Ç–µ–∫–ª–æ–º–æ–π";81670;https://t.me/ia_steklomoy
1199117533;@MedvedevVesti;–ê–Ω–¥—Ä–µ–π –ú–µ–¥–≤–µ–¥–µ–≤;164536;https://t.me/MedvedevVesti
1232200496;@voevodatraining;–í–æ–µ–Ω–Ω–∞—è –ø–æ–¥–≥–æ—Ç–æ–≤–∫–∞ –≤ –£–¢–¶ –í–æ–µ–≤–æ–¥–∞;1705;https://t.me/voevodatraining
1262230360;@A_S_Sukonkin;–ê–ª–µ–∫—Å–µ–π –°—É–∫–æ–Ω–∫–∏–Ω;20568;https://t.me/A_S_Sukonkin
1764078313;@TOF_VMF;–¢–∏—Ö–æ–æ–∫–µ–∞–Ω—Å–∫–∏–π —Ñ–ª–æ—Ç;17953;https://t.me/TOF_VMF
1611342912;@mash_donbass;Mash –Ω–∞ –î–æ–Ω–±–∞—Å—Å–µ;56026;https://t.me/mash_donbass
1693385845;@UAVDEV;–†–∞–∑—Ä–∞–±–æ—Ç—á–∏–∫ –ë–ü–õ–ê;24724;https://t.me/UAVDEV
1050038576;@Army_Russia;Z–∞–º–µ—Ç–∫–∏ –§–æ—Ç–æ–∫–æ—Ä—Ä–µ—Å–ø–æ–Ω–¥–µ–Ω—Ç–∞;23262;https://t.me/Army_Russia
1100942646;@aleksandr_skif;–ê–ª–µ–∫—Å–∞–Ω–¥—Ä –•–æ–¥–∞–∫–æ–≤—Å–∫–∏–π;605878;https://t.me/aleksandr_skif
1069772626;@dimsmirnov175;–ü—É–ª N3;299937;https://t.me/dimsmirnov175
1752271360;@bf_russianrule;–ë–§ ¬´–†–£–°–°–ö–ò–ô –ü–û–†–Ø–î–û–ö¬ª;6484;https://t.me/bf_russianrule
1783083983;@denazi_UA;–î–µ–Ω–∞—Ü–∏—Ñ–∏–∫–∞—Ü–∏—è UA;88683;https://t.me/denazi_UA
1141881396;@vertolatte;–í–µ—Ä—Ç–æ–ª–∞—Ç—Ç–µ;4020;https://t.me/vertolatte
1170539456;@dobrovolsky_live;–ê.–ë.–î–æ–±—Ä–æ–≤–æ–ª—å—Å–∫–∏–π live;7767;https://t.me/dobrovolsky_live
1204580986;@zhdanovrt;–ë–∞—à–Ω—è –ñ–¥–∞–Ω–æ–≤–∞;17154;https://t.me/zhdanovrt
1641698888;@MishaDonbass;–ú–∏—à–∞ –Ω–∞ –î–æ–Ω–±–∞—Å—Å–µ;9748;https://t.me/MishaDonbass
1535440128;@FilatovCorr;–†–µ–ø–æ—Ä—Ç–µ—Ä Filatov;144998;https://t.me/FilatovCorr
1717370209;@ogneborets_spb;Ogneborets_spb;25500;https://t.me/ogneborets_spb
1875274874;@spec_zaschita;–°–ø–µ—Ü –ó–∞—â–∏—Ç–∞;4626;https://t.me/spec_zaschita
1318845663;@Prigozhin_hat;–ö–µ–ø–∫–∞ –ü—Ä–∏–≥–æ–∂–∏–Ω–∞;305630;https://t.me/Prigozhin_hat
1338337113;@bloknot_rossiya;–ë–ª–æ–∫–Ω–æ—Ç –†–æ—Å—Å–∏—è;199835;https://t.me/bloknot_rossiya
1382151794;@Viktor_Murakhovskiy;–í–∏–∫—Ç–æ—Ä –ú—É—Ä–∞—Ö–æ–≤—Å–∫–∏–π;9597;https://t.me/Viktor_Murakhovskiy
1495095982;@russnasledie;–ì–µ–Ω–µ—Ä–∞–ª –†–µ—à–µ—Ç–Ω–∏–∫–æ–≤;17997;https://t.me/russnasledie
1111901465;@riakatysha;–†–ò–ê –ö–ê–¢–Æ–®–ê;54530;https://t.me/riakatysha
1492765963;@sskarnaukhov;–ö–ê–†–ù–ê–£–•–û–í;136825;https://t.me/sskarnaukhov
1133223027;@sorok40russia;üá∑üá∫–î–≤–∏–∂–µ–Ω–∏–µ –°–æ—Ä–æ–∫ –°–æ—Ä–æ–∫–æ–≤ (ZOV)üïä;63277;https://t.me/sorok40russia
1132568204;@reactionkatyusha;–†–ï–ê–ö–¶–ò–Ø;2695;https://t.me/reactionkatyusha
1250071312;@oprf_official;–û–ü –†–§ / –û–±—â–µ—Å—Ç–≤–µ–Ω–Ω–∞—è –ø–∞–ª–∞—Ç–∞ –†–§;20339;https://t.me/oprf_official
1083595611;@pravdist;Pravda.Ru;42069;https://t.me/pravdist
1260244849;@VladimirKarasyov;–í–ª–∞–¥–∏–º–∏—Ä V –ö–∞—Ä–∞—Å—ë–≤;5594;https://t.me/VladimirKarasyov
1715214156;@zvezda_analytics;–ó–í–ï–ó–î–ê-–ê–ù–ê–õ–ò–¢–ò–ö–ê;8751;https://t.me/zvezda_analytics
1331641097;@donbassr;–î–æ–Ω–±–∞—Å—Å —Ä–µ—à–∞–µ—Ç;63214;https://t.me/donbassr
1621080609;@operdezh_Z;–û–ø–µ—Ä–∞—Ü–∏—è Z|–û–ø–µ—Ä–∞—Ç–∏–≤–Ω—ã–π –¥–µ–∂—É—Ä–Ω—ã–π;3505;https://t.me/operdezh_Z
1671700563;@nikitabsg;–ë–ï–°–û–ì–û–ù;296547;https://t.me/nikitabsg
1633981548;@pravdarubka;–ù–µ—Ä–∞–≤–Ω–æ–¥—É—à–Ω–∞—è —Å–∏–ª–∞;3637;https://t.me/pravdarubka
1445627670;@ligainternet;–õ–∏–≥–∞ –ë–µ–∑–æ–ø–∞—Å–Ω–æ–≥–æ –ò–Ω—Ç–µ—Ä–Ω–µ—Ç–∞;5788;https://t.me/ligainternet
1402914028;@mv6566;–ú–æ–ª–¥–∞–≤—Å–∫–∏–π V–∞–≥–æ–Ω;8276;https://t.me/mv6566
1791938277;@MamchatKharkovskaya;–ú–∞–º–∫–∏–Ω—ã –Ω–æ–≤–æ—Å—Ç–∏;1837;https://t.me/MamchatKharkovskaya
1312477968;@suroviemami;–°—É—Ä–æ–≤—ã–µ –º–∞–º—ã –î–æ–Ω–±–∞—Å—Å–∞;4935;https://t.me/suroviemami
1793577529;@chto_delat_2022;–ß—Ç–æ –¥–µ–ª–∞—Ç—å?;48720;https://t.me/chto_delat_2022
1138542535;@regnum_na;–ù–∞—à Regnum;51703;https://t.me/regnum_na
1440810875;@EvPanina;–ï–ª–µ–Ω–∞ –ü–∞–Ω–∏–Ω–∞;76449;https://t.me/EvPanina
1557233353;@barantchik;–Æ—Ä–∏–π –ë–∞—Ä–∞–Ω—á–∏–∫;39167;https://t.me/barantchik
1552600246;@srochnow;–°—Ä–æ—á–Ω–æ  –°–µ–π—á–∞—Å;193821;https://t.me/srochnow
1404139761;@Traditsionalist;ÍôÄ –¢—Ä–∞–¥–∏—Ü–∏–æ–Ω–∞–ª–∏—Å—Ç;2393;https://t.me/Traditsionalist
1182772195;@pravcentersoroksorokov;–ü–†–ê–í–ûZ–ê–©–ò–¢–ù–´–ô Z–ï–ù–¢–† "–°–û–†–û–ö –°–û–†–û–ö–û–í";4093;https://t.me/pravcentersoroksorokov
1142970078;@ctrs2018;–ö–∞—Ç–∞—Ä—Å–∏—Å;206911;https://t.me/ctrs2018
1506181471;@olga_budina;–û–ª—å–≥–∞ –ë–£–î–ò–ù–ê;19866;https://t.me/olga_budina
1407924546;@allratings;–ö–∞—Ä–∞—É–ª—å–Ω—ã–π –ø–æ —Ä–µ–π—Ç–∏–Ω–≥–∞–º;1137;https://t.me/allratings
1455655322;@diselin;–°–ø–µ—Ü–æ–ø–µ—Ä–∞—Ü–∏—è [Z] –†–æ—Å—Å–∏—è|–£–∫—Ä–∞–∏–Ω–∞;12010;https://t.me/diselin
1049045562;@nstarikovru;–ù–∏–∫–æ–ª–∞–π –°—Ç–∞—Ä–∏–∫–æ–≤;90603;https://t.me/nstarikovru
1358108328;@TheLeagueOfGentlemen;–õ–∏–≥–∞ –î–∂–µ–Ω—Ç–ª—å–º–µ–Ω–æ–≤;12564;https://t.me/TheLeagueOfGentlemen
1294203479;@Modest_A_Kolerov;–ú–æ–¥–µ—Å—Ç –ö–æ–ª–µ—Ä–æ–≤;6086;https://t.me/Modest_A_Kolerov
1111847323;@operline_ru;–û–ø–µ—Ä–∞—Ç–∏–≤–Ω–∞—è –ª–∏–Ω–∏—è;34466;https://t.me/operline_ru
1232469282;@shuohuaxia;–ö–∏—Ç–∞–π - –ù–∏–∫–æ–ª–∞–π –í–∞–≤–∏–ª–æ–≤;162073;https://t.me/shuohuaxia
1423171236;@uraldailyPeZerV;–£—Ä–∞–ª ZV –î–µ–π–ª–∏;15233;https://t.me/uraldailyPeZerV
1498787998;@mihalcow;–ë–ï–°–û–ì–û–ù;27133;https://t.me/mihalcow
1407413476;@drugoeeto;–≠–¢–û –î–†–£–ì–û–ï;35301;https://t.me/drugoeeto
1787818300;@batyachitaet;–ë–∞—Ç–∏ —á–∏—Ç–∞—é—Ç –Ω–æ–≤–æ—Å—Ç–∏;4316;https://t.me/batyachitaet
1774557227;@Pravdivaya_pravda;–ü–†–ê–í–î–ò–í–ê–Ø –ü–†–ê–í–î–ê;27017;https://t.me/Pravdivaya_pravda
1438936958;@ale_kazakov;–ö–∞–∑–∞–∫–æV;44225;https://t.me/ale_kazakov
1393264411;@miroshnik_r;–†–û–î–ò–û–ù_–ú–ò–†–û–®–ù–ò–ö;29475;https://t.me/miroshnik_r
1394080373;@majorselivanov;–î—Ä—É–∑—å—è –º–∞–π–æ—Ä–∞ –°–µ–ª–∏–≤–∞–Ω–æ–≤–∞;9903;https://t.me/majorselivanov
1364127568;@romagolovanov;–ì–û–õ–û–í–ê–ù–û–í;76015;https://t.me/romagolovanov
1227987253;@kornilov1968;–ö–û–†–ù–ò–õ–û–í;121576;https://t.me/kornilov1968
1550961712;@basurin_e;–ë–∞—Å—É—Ä–∏–Ω –æ –≥–ª–∞–≤–Ω–æ–º;60945;https://t.me/basurin_e
1756041380;@smotri_z;–ò–¥–∏ –∏ —Å–º–æ—Ç—Ä–∏;87317;https://t.me/smotri_z
1477711430;@KIMMARINA;–ö–ò–ú;21684;https://t.me/KIMMARINA
1895085473;@tsunamiART;–¶–£–ù–ê–ú–ò;400;https://t.me/tsunamiART
1343623236;@pushilindenis;–ü—É—à–∏–ª–∏–Ω –î.–í.;92636;https://t.me/pushilindenis
1732569706;@svozov36;–°–í–û –∂–∏–∑–Ω—å –Ω–∞ –≤–æ–π–Ω–µ;1804;https://t.me/svozov36
1534055872;@underside_org;Underside;11670;https://t.me/underside_org
1087368242;@onf_front;–ù–∞—Ä–æ–¥–Ω—ã–π —Ñ—Ä–æ–Ω—Ç;45815;https://t.me/onf_front
1164620271;@julia_chicherina;–Æ–ª–∏—è –ß–∏—á–µ—Ä–∏–Ω–∞;48278;https://t.me/julia_chicherina
1671355988;@trueshniy;–¢–†–£–®–ù–´–ô;6703;https://t.me/trueshniy
1421378021;@tgrussia;–ü–£–õ Telegram;51478;https://t.me/tgrussia
1857581112;@mir3rim;–¢—Ä–µ—Ç–∏–π –ú–∏—Ä ‚Äî –¢—Ä–µ—Ç–∏–π –†–∏–º;14378;https://t.me/mir3rim
1596963725;@mos_sobyanin;–ú—ç—Ä –ú–æ—Å–∫–≤—ã –°–µ—Ä–≥–µ–π –°–æ–±—è–Ω–∏–Ω;89340;https://t.me/mos_sobyanin
1355817617;@kramnikcat;–ö–æ—Ç—ã –∏ –∫–æ—à–∫–∞ –ö—Ä–∞–º–Ω–∏–∫–∞;35542;https://t.me/kramnikcat
1850595529;@RG_SVO;–†–∞–±–æ—á–∞—è –ì—Ä—É–ø–ø–∞ –ø–æ –°–í–û;6242;https://t.me/RG_SVO
1147203857;@Marinaslovo;Marina Akhmedova;73462;https://t.me/Marinaslovo
1749428487;@stranavvv;–°—Ç—Ä–∞–Ω–∞ V;65524;https://t.me/stranavvv
1639972640;@merussiatg;–†–æ—Å—Å–∏—è ‚Äî —ç—Ç–æ —è!;30974;https://t.me/merussiatg
1686844692;@rt_special;–°–ø–µ—Ü–∏–∞–ª—å–Ω–æ –¥–ª—è RT;59166;https://t.me/rt_special
1680977808;@turchak_andrey;–ê–ù–î–†–ï–ô –¢–£–†–ß–ê–ö Z;20480;https://t.me/turchak_andrey
1829588337;@Vsedlyapobedi71;–í—Å–µ –¥–ª—è –ü–û–ë–ï–î–´;658;https://t.me/Vsedlyapobedi71
1240134302;@YUGLIVE;–Æ–ì LIVEüí§;8223;https://t.me/YUGLIVE
1194809626;@vorobiev_live;–í–æ—Ä–æ–±—å—ë–≤ LIVE;64487;https://t.me/vorobiev_live
1591026194;@bio_genie;–î–∂–∏–Ω–Ω –∏–∑ –ü—Ä–æ–±–∏—Ä–∫–∏ | –ë–∏–æ–ª–∞–±–æ—Ä–∞—Ç–æ—Ä–∏–∏;18433;https://t.me/bio_genie
1410611019;@kulemzin_donetsk;–ê–ª–µ–∫—Å–µ–π –ö—É–ª–µ–ºZ–∏–Ω;34992;https://t.me/kulemzin_donetsk
1001872252;@vestiru24;–í–ï–°–¢–ò;136135;https://t.me/vestiru24
1821312178;@BTGR_NEVSKIY;–¥—Ä—à–±—Ä –û—Ç—Ä—è–¥ ¬´–ù–µ–≤—Å–∫–∏–π¬ª;3504;https://t.me/BTGR_NEVSKIY
1486508046;@evgenyprimakov;Primakov;20360;https://t.me/evgenyprimakov
1458014780;@Makarr80;Makarenko üÖâ Donetsk;14799;https://t.me/Makarr80
1718618897;@fond_dobrovolcev;–§–æ–Ω–¥ –ø–æ–º–æ—â–∏ –¥–æ–±—Ä–æ–≤–æ–ª—å—Ü–∞–º –∏ –º–æ–±–∏–ª–∏–∑–æ–≤–∞–Ω–Ω—ã–º;181;https://t.me/fond_dobrovolcev
1246399946;@SIL0VIKI;–°–ò–õ–û–í–ò–ö–ò üá∑üá∫;312411;https://t.me/SIL0VIKI
1250403789;@vvgladkov;–ù–∞—Å—Ç–æ—è—â–∏–π –ì–ª–∞–¥–∫–æ–≤;327095;https://t.me/vvgladkov
1609201716;@dnevniksfronta;–î–ù–ï–í–ù–ò–ö –° –§–†–û–ù–¢–ê;6131;https://t.me/dnevniksfronta
1119276671;@vladivostok1978;popovrtr;36180;https://t.me/vladivostok1978
1487569774;@smotrim_ru;–°–ú–û–¢–†–ò–ú;51070;https://t.me/smotrim_ru
1195798670;@soroka_belaya;–°–æ—Ä–æ–∫–∞-–±–µ–ª–æ–±–æ–∫–∞;50122;https://t.me/soroka_belaya
1084350569;@kaagranovich;–ö–ê–¢–†–£–°–Ø;66295;https://t.me/kaagranovich
1573041571;@dolg_z;–î–æ–ª–≥Z;21814;https://t.me/dolg_z
1361805852;@pegpoetry;–°–µ–º—ë–Ω –ü–µ–≥–æ–≤ | –î–Ω–µ–π —Å—Ç–∏—Ö –ø–µ–≥;14775;https://t.me/pegpoetry
1392939599;@vitteli;–í–∏—Ç—Ç–µ–ª—å. –†–µ–∞–ª—å–Ω–æ—Å—Ç—å;11835;https://t.me/vitteli
1217080686;@zakharprilepin;–ó–∞—Ö–∞—Ä –ü—Ä–∏–ª–µ–ø–∏–Ω;304442;https://t.me/zakharprilepin
1254516102;@nezhurka;–ù–µ–∂—É—Ä–∫–∞;21379;https://t.me/nezhurka
1321658383;@astramilitarum;Astra Militarum [Z];16853;https://t.me/astramilitarum
1454853788;@agurulev;–ê–Ω–¥—Ä–µ–π –ì—É—Ä—É–ª–µ–≤ / –¥–µ–ø—É—Ç–∞—Ç –ì–æ—Å—É–¥–∞—Ä—Å—Ç–≤–µ–Ω–Ω–æ–π –î—É–º—ã;69606;https://t.me/agurulev
1498260592;@valentinbogdanov;–í–∞–ª–µ–Ω—Ç–∏–Ω –ë–æ–≥–¥–∞–Ω–æ–≤;32036;https://t.me/valentinbogdanov
1116215446;@Russiacalling;–®–æ—É –í–∏–õ (–í–æ–≤–∞–Ω –∏ –õ–µ–∫—Å—É—Å);168957;https://t.me/Russiacalling
1185457530;@hackberegini;Beregini;102689;https://t.me/hackberegini
1099760830;@akashevarova;–ê–Ω–∞—Å—Ç–∞—Å–∏—è –ö–∞—à–µ–≤–∞—Ä–æ–≤–∞ üá∑üá∫;245957;https://t.me/akashevarova
1450141660;@vityzeva;–Æ–ª–∏—è –í–∏—Ç—è–∑–µ–≤–∞;89632;https://t.me/vityzeva
1736450884;@boriskorchevnikov;–ë–æ—Ä–∏—Å –ö–æ—Ä—á–µ–≤–Ω–∏–∫–æ–≤;115211;https://t.me/boriskorchevnikov
1436845607;@DmitriySteshin;–†—É—Å—Å–∫–∏–π —Ç–∞—Ä–∞–Ω—Ç–∞—Å—ä;169152;https://t.me/DmitriySteshin
1097316842;@ino_tv;–ò–Ω–æ–¢–í;2084;https://t.me/ino_tv
1197865170;@ssigny;–°–ò–ì–ù–ê–õ;570972;https://t.me/ssigny
1759869982;@zizdok;–í–ª–∞–¥ –ó–∏–∑–¥–æ–∫ üé¨üá∑üá∫;8448;https://t.me/zizdok
1612663015;@tvrussia1;–†–æ—Å—Å–∏—è 1;37856;https://t.me/tvrussia1
1658242665;@rtdru;RT–î | –î–æ–∫—É–º–µ–Ω—Ç–∞–ª—å–Ω—ã–π –∫–∞–Ω–∞–ª RT;67421;https://t.me/rtdru
1720227561;@Kharkov_Perviy;–ü–µ—Ä–≤—ã–π –•–∞—Ä—å–∫–æ–≤—Å–∫–∏–π;35253;https://t.me/Kharkov_Perviy
1780915130;@alexeypoddubny_jango;–ê–ª–µ–∫—Å–µ–π –ü–æ–¥–¥—É–±–Ω—ã–π –î–∂–∞–Ω–≥–æ Z;6965;https://t.me/alexeypoddubny_jango
1433231780;@dtlive;–î–¢ –î.–ö—É–ª–∏–∫–æ–≤-VZ-–¢.–°–µ—Ä–≥–µ–π—Ü–µ–≤;68014;https://t.me/dtlive
1694798176;@Vakinshin;–ê-–∫–∏–Ω—å-—à–∏–Ω;1291;https://t.me/Vakinshin
1140349525;@rabotaembrat;–†–∞–±–æ—Ç–∞–µ–º  –ë—Ä–∞—Ç! üá∑üá∫;23691;https://t.me/rabotaembrat
1310493808;@glavmedia;–¢–µ–º—ã. –ì–ª–∞–≤–Ω–æ–µ (–ì–ª–∞–≤–ú–µ–¥–∏–∞);61022;https://t.me/glavmedia
1572748754;@medvedev_telegram;–î–º–∏—Ç—Ä–∏–π –ú–µ–¥–≤–µ–¥–µ–≤;1043301;https://t.me/medvedev_telegram
1270812910;@Andrafanaslive;–ê—Ñ–∞–Ω–∞—Å—å–µ–≤ Z;21149;https://t.me/Andrafanaslive
1372505062;@gr_nazarenko;–ù–∞–∑–∞—Ä–µ–Ω–∫–æ;1614;https://t.me/gr_nazarenko
1625673240;@news_XZ;–•.Z.;6076;https://t.me/news_XZ
1341123805;@dezhurniy;–î–µ–∂—É—Ä–Ω—ã–π –ø–æ –ó–∞–∫–∞–≤–∫–∞–∑—å—é;9439;https://t.me/dezhurniy
1593321237;@reactiv_dnr;–†–µ—Å–ø—É–±–ª–∏–∫–∞–Ω—Å–∫–∏–π üÖâ –ê–∫—Ç–∏–≤;4004;https://t.me/reactiv_dnr
1283286577;@istrkalkglk;–∏—Å—Ç–æ—Ä–∏–∫-–∞–ª–∫–æ–≥–æ–ª–∏–∫;53477;https://t.me/istrkalkglk
1028991360;@krispotupchik;–ö—Ä–∏—Å—Ç–∏–Ω–∞ –ü–æ—Ç—É–ø—á–∏–∫;136959;https://t.me/krispotupchik
1457740583;@rus_jansen;–Ø–ΩZ–µ–Ω | #–®–í–û;15335;https://t.me/rus_jansen
1292891939;@romanov_92;Romanov –õ–∞–π—Ç ]‡£©‡£©‡£©‡£©‡£Ø‡£©‡£©‡£©‡£©‡£©‡£©‡£©‡£©‡£©‡£©‡£©‡£©‡£©‡£©‡£©‡£©‡£©‡£©‡£©‡£©‡£©‡£©‡£©‡£©‡£©‡£©;78389;https://t.me/romanov_92
1380377782;@radiorossii;–†–∞–¥–∏–æ –†–æ—Å—Å–∏–∏;7481;https://t.me/radiorossii
1427316884;@belshkvarka;–®–∫–≤–∞—Ä–∫–∞ News;20188;https://t.me/belshkvarka
1347278035;@russiaun;–ü–æ—Å—Ç–ø—Ä–µ–¥—Å—Ç–≤–æ –†–æ—Å—Å–∏–∏ –ø—Ä–∏ –û–û–ù;3206;https://t.me/russiaun
1791095546;@kyivska_rus;–ö–∏—ó–≤—Å—å–∫–∞ –†—É—Å—å;6611;https://t.me/kyivska_rus
1441217558;@godeye_ru;–ó–∞–ø—Ä–µ—â—ë–Ω–Ω–∞—è –£–∫—Ä–∞–∏–Ω–∞;33623;https://t.me/godeye_ru
1382288937;@balkanossiper;–ë–∞–ª–∫–∞–Ω—Å–∫–∞—è —Å–ø–ª–µ—Ç–Ω–∏—Ü–∞;38776;https://t.me/balkanossiper
1108403053;@chesnokmedia;–≠–¥–≤–∞—Ä–¥ –ß–µ—Å–Ω–æ–∫–æ–≤;16289;https://t.me/chesnokmedia
1480477661;@vyshinkv;–í—ã—à–∏–Ω—Å–∫–∏–π–ö–í;5947;https://t.me/vyshinkv
1722228155;@detektor_tg;–î–µ—Ç–µ–∫—Ç–æ—Ä;16498;https://t.me/detektor_tg
1191836764;@RealMariaFinoshina;RealMariaFinoshina;4782;https://t.me/RealMariaFinoshina
1141171940;@RKadyrov_95;Kadyrov_95;3239825;https://t.me/RKadyrov_95
1293233260;@surf_noise1;–†–û–ö–û–¢;121580;https://t.me/surf_noise1
1178708685;@Voenkor_reZervist;–í–æ–µ–Ω–∫–æ—Ä —Ä–µüÖâ–µ—Ä–≤–∏—Å—Ç;21552;https://t.me/Voenkor_reZervist
1267446699;@turan_express;–¢—É—Ä–∞–Ω—Å–∫–∏–π —ç–∫—Å–ø—Ä–µ—Å—Å;8997;https://t.me/turan_express
1164525895;@ontnews;ONT NEWS;19864;https://t.me/ontnews
1289685069;@belvestnik;BelVestnik;20613;https://t.me/belvestnik
1357271862;@verysexydasha;–ò–º–ø–µ—Ä–∏—è –æ—á–µ–Ω—å –∑–ª–∞;72324;https://t.me/verysexydasha
1287596810;@spletnicca;–°–ø–ª–µ—Ç–Ω–∏—Ü–∞;141046;https://t.me/spletnicca
1193426706;@odsd_dnr;| V | –û–î "–°–≤–æ–±–æ–¥–Ω—ã–π –î–æ–Ω–±–∞—Å—Å";2921;https://t.me/odsd_dnr
1465874611;@law_odsd;–Æ—Ä–∏—Å—Ç –≤ —Ç–µ–º–µ‚öñÔ∏è;6503;https://t.me/law_odsd
1494812198;@BeregTime;Z–∞–ø–∏—Å–∫–∏ –∞–≤–∞–Ω—Ç—é—Ä–∏—Å—Ç–∞;47673;https://t.me/BeregTime
1147336903;@tvcrimea24;–ö—Ä—ã–º 24 |Z| –í—Å–µ –Ω–æ–≤–æ—Å—Ç–∏ –ö—Ä—ã–º–∞;30098;https://t.me/tvcrimea24
1634874072;@tacticalnecktie;üëî –¢–∞–∫—Ç–∏—á–µ—Å–∫–∏–π –≥–∞–ª—Å—Ç—É–∫;13217;https://t.me/tacticalnecktie
1479340147;@rtechnocom;–°–≤–æ–¥–∫–∏ —á–∞—Å—Ç–Ω–æ–π —Ä–∞–∑–≤–µ–¥–∫–∏;16238;https://t.me/rtechnocom
1513956174;@vmfrus;–ö—É—Ä–∏–ª–∫–∞ –º–∏—á–º–∞–Ω–∞ –ü—Ç–∏—á–∫–∏–Ω–∞;3248;https://t.me/vmfrus
1267641184;@indeec1937;–í–æ///–¥—å;60825;https://t.me/indeec1937
1681665485;@dillfrash;–£–ö–†–û–ü–°–ö–ò–ô –§–†–ï–®;22850;https://t.me/dillfrash
1568918438;@morskaya_pehota_384;384 –û–ú–†–ü –°–ø–ù;8712;https://t.me/morskaya_pehota_384
1776045476;@korrzakadrom;–ó–∞–µz–∂–∏–π –∫–æ—Ä—Ä–µ—Å–ø–æ–Ω–¥–µ–Ω—Ç;7447;https://t.me/korrzakadrom
1692938924;@doktorBo;–î–æ–∫—Ç–æ—Ä –ë–æ;2920;https://t.me/doktorBo
1124474503;@glavpolit;–ì–ª–∞–≤–Ω—ã–π –ø–æ–ª–∏—Ç–∏—á–µ—Å–∫–∏–π;69080;https://t.me/glavpolit
1859652724;@norinea;–ù–æ—Ä–∏–Ω;22296;https://t.me/norinea
1854138129;@AptiAlaudinovAKHMAT;–ê–ø—Ç–∏ –ê–ª–∞—É–¥–∏–Ω–æ–≤ ¬´–ê–•–ú–ê–¢¬ª;84824;https://t.me/AptiAlaudinovAKHMAT
1676376547;@chub_detection;–û–ø–æ–∑–Ω–∞–π —Ö–æ—Ö–ª–∞ –ø–æ —á—É–±—É;110147;https://t.me/chub_detection
1639338104;@contrudarZV;–î—É—à–∏–Ω pro Z;992;https://t.me/contrudarZV
1188387499;@MoskalkovSB;üî•–ú–æ—Å–∫–∞–ª—å–∫–æVüî•;18142;https://t.me/MoskalkovSB
1381444671;@chp_donetskv;–ß–ü –î–æ–Ω–µ—Ü–∫ Z;323503;https://t.me/chp_donetskv
1635126210;@Pravda_i_kotiki;–ü—Ä–∞–≤–¥–∞ –∏ –∫–æ—Ç–∏–∫–∏.;5741;https://t.me/Pravda_i_kotiki
1753782571;@rezhimbe;–†–µ–∂–∏–º –ë;16218;https://t.me/rezhimbe
1608957666;@gray_area_wanderer;–ë—Ä–æ–¥—è–≥–∞ —Å–µ—Ä—ã—Ö –∑–æ–Ω;11369;https://t.me/gray_area_wanderer
1122846719;@rusfleet;Z–∞–ø–∏—Å–∫–∏ –º–∏—á–º–∞–Ω–∞ –ü—Ç–∏—á–∫–∏–Ω–∞;37458;https://t.me/rusfleet
1797426874;@veterany_60omsb;–û–î–®–ë–†‚Äû–í–µ—Ç–µ—Ä–∞–Ω—ã‚Äù;12302;https://t.me/veterany_60omsb
1704762155;@oldGBR;–°—Ç–∞—Ä—É—à–∫–∞ –ê–Ω–≥–ª–∏—è;3373;https://t.me/oldGBR
1857414120;@komdiv_76;76 –≥–≤ –¥—à–¥ –í–î–í –ü—Å–∫–æ–≤ ZOV;15727;https://t.me/komdiv_76
1651713221;@BEARITARMY;BEAR.IT.ARMY;1413;https://t.me/BEARITARMY
1490307805;@zhivoff;–ñ–ò–í–û–í Z üá∑üá∫;38592;https://t.me/zhivoff
1261603870;@Abbasdjuma;Abbas Djuma;41507;https://t.me/Abbasdjuma
1648995265;@rogozin_alexey;–ê–ª–µ–∫—Å–µ–π –†–æ–≥–æ–∑–∏–Ω ‚úàÔ∏èüöÄüèóÔ∏è;14337;https://t.me/rogozin_alexey
1737724614;@novostlnr;üá∑üá∫–ù–æ–≤–æ—Å—Ç–Ω–æ–π –∞–≥—Ä–µ–≥–∞—Ç–æ—Ä –õ–ù–†/–î–ù–†;12680;https://t.me/novostlnr
1133816508;@dnronline;–î–ù–† –û–Ω–ª–∞–π–Ω üÖâ;20601;https://t.me/dnronline
1437748009;@cabellosfriends;–î—Ä—ÉZ—å—è –ö–∞–±–µ–ª—å–æ;3012;https://t.me/cabellosfriends
1196068666;@mkoleda;–ú–∞—Ä–∏—è –ö–æ–ª–µ–¥–∞;7395;https://t.me/mkoleda
1187298730;@PatrickLancaterNewsToday;–ü–∞—Ç—Ä–∏–∫ –õ–∞–Ω–∫–∞—Å—Ç–µ—Ä –ù–æ–≤–æ—Å—Ç–∏ —Å–µ–≥–æ–¥–Ω—è (Patrick Lancaster News Today);30747;https://t.me/PatrickLancaterNewsToday
1684349851;@greatrussia_1;–í–µ–ª–∏–∫–∞—è –†–æ—Å—Å–∏—è;29760;https://t.me/greatrussia_1
1052122598;@Rogandar;Rogandar NEWs: –ù–æ–≤–æ—Å—Ç–∏  —Ñ–∞–∫—Ç—ã  —Å–æ–±—ã—Ç–∏—è!;182093;https://t.me/Rogandar
1173298256;@zov_lnr;ZOV –õ–ù–†;330;https://t.me/zov_lnr
1589575459;@XU_kraine;XUA-—Ñ–æ—Ç–æ –≤–æ–π–Ω—ã;257606;https://t.me/XU_kraine
1650336061;@voenkors;–í–æ–µ–Ω–∫–æ—Ä –°—Ä–µ–¥–∞;10840;https://t.me/voenkors
1377658857;@Prikhodko1970;–ü—Ä–∏—Ö–æ–¥—å–∫–æ –†–ò–ö;106651;https://t.me/Prikhodko1970
1709517202;@talipovonlineZ;–ö—Ä—ã–º—Å–∫–∏–π –°–ú–ï–†–®;41029;https://t.me/talipovonlineZ
1139044493;@DonbassYasinovatayanaliniiOgnia;–Ø—Å–∏–Ω–æ–≤–∞—Ç–∞—è  –î–æ–Ω–±–∞—Å—Å –Ω–∞ –ª–∏–Ω–∏–∏ –æ–≥–Ω—è.;20195;https://t.me/DonbassYasinovatayanaliniiOgnia
1654303413;@kanzlerdaddy;–ü–∞–ø–æ—á–∫–∞ –∫–∞–Ω—Ü–ª–µ—Ä–∞;55569;https://t.me/kanzlerdaddy
1483235852;@streli_kazbeka;–°–¢–†–ï–õ–´ –ö–ê–ó–ë–ï–ö–ê;112410;https://t.me/streli_kazbeka
1644675424;@vataranenko;–í–ª–∞–¥–∏–º–∏—Ä –¢–∞—Ä–∞–Ω–µ–Ω–∫–æ. Z. #–°–∏–ª–∞–î–æ–ª–≥–ß–µ—Å—Ç—å;13740;https://t.me/vataranenko
1387701698;@rosich_ru;–†–æ—Å–∏—á | Rosich;176034;https://t.me/rosich_ru
1375303434;@marochkolive;–ú–∞—Ä–æ—á–∫–æ Live;28812;https://t.me/marochkolive
1774268410;@alexbobrowski;–ê–ª–µ–∫—Å–µ–π –ë–æ–±—Ä–æ–≤—Å–∫–∏–π;10451;https://t.me/alexbobrowski
1601040920;@hercon_ru;–ì–ª–∞–≤–Ω–æ–µ –≤ –•–µ—Ä—Å–æ–Ω–µ –∏ –æ–±–ª–∞—Å—Ç–∏;159486;https://t.me/hercon_ru
1380803164;@agentgosdepa1;–ê–ì–ï–ù–¢ –ì–û–°–î–ï–ü–ê;7944;https://t.me/agentgosdepa1
1875572188;@The_Kremlin;–†—É–∫–∞ –ö—Ä–µ–º–ª—è Z –í–æ–π–Ω–∞ –∏ –ú–∏—Ä;1575;https://t.me/The_Kremlin
1758795553;@TRO_DPR;–®–¢–ê–ë –¢–µ—Ä–û –î–ù–†;44153;https://t.me/TRO_DPR
1132045485;@panzwaffle;–ü–∞–Ω—Ü–µ—Ä–≤–∞—Ñ–ª–∏/Panzerwaffle;12622;https://t.me/panzwaffle
1227253101;@krimski;–ö—Ä—ã–º—Å–∫–∏–π;17481;https://t.me/krimski
1213194656;@netlenkanet;–ù–µ—Ç–ª–µ–Ω–∫–∞;6343;https://t.me/netlenkanet
1109145894;@mediatech;–ú–µ–¥–∏–∞—Ç–µ—Ö–Ω–æ–ª–æ–≥;130671;https://t.me/mediatech
1080742241;@tavri;–¢–∞–≤—Ä–∏—á–µ—Å–∫–∏–π –ö—Ä–∞–π |Z|;5101;https://t.me/tavri
1070404049;@uranews;URA.RU;224154;https://t.me/uranews
1267984933;@mayday_7700;–ú—ç–π–¥—ç–π. –•—Ä–æ–Ω–∏–∫–∞ –ø–∏–∫–∏—Ä–æ–≤–∞–Ω–∏—è.;17107;https://t.me/mayday_7700
1216878621;@vibornyk;–í—ã–±–æ—Ä–Ω—ã–π;73440;https://t.me/vibornyk
1098321028;@stormdaily;Daily Storm;87097;https://t.me/stormdaily
1169053565;@analyst_on_the_couch;–î–∏–≤–∞–Ω–Ω—ã–π –∞–Ω–∞–ª–∏—Ç–∏–∫;66027;https://t.me/analyst_on_the_couch
1227956015;@svezhesti;–°–í–ï–ñ–ï–°–¢–ò;82318;https://t.me/svezhesti
1134595113;@RIAKremlinpool;RIA_Kremlinpool;47242;https://t.me/RIAKremlinpool
1109560043;@radiokp;–†–∞–¥–∏–æ ¬´–ö–æ–º—Å–æ–º–æ–ª—å—Å–∫–∞—è –ø—Ä–∞–≤–¥–∞¬ª;14348;https://t.me/radiokp
1130670804;@Federalcity;Federalcity.ru;23160;https://t.me/Federalcity
1099250240;@malekdudakov;–ú–∞–ª–µ–∫ –î—É–¥–∞–∫–æ–≤;51208;https://t.me/malekdudakov
1164823111;@cho_opyat;–®–æ  –æ–ø—è—Ç—å?;9146;https://t.me/cho_opyat
1777109195;@zarubinreporter;–ó–ê–†–£–ë–ò–ù;66014;https://t.me/zarubinreporter
1515325862;@olegyasynsky;–û–ª–µ–≥ –Ø—Å–∏–Ω—Å–∫–∏–π;32796;https://t.me/olegyasynsky
1366496032;@KrokooDil;–ö—Ä–æ–∫–æ–¥–∏–ª;32126;https://t.me/KrokooDil
1754295523;@newkahovka_ru;–ì–ª–∞–≤–Ω–æ–µ –≤ –ö–∞—Ö–æ–≤–∫–µ –∏ –ù–æ–≤–æ–π –ö–∞—Ö–æ–≤–∫–µ;12817;https://t.me/newkahovka_ru
1604309069;@skadovsk_rus;–ì–ª–∞–≤–Ω–æ–µ –≤ –°–∫–∞–¥–æ–≤—Å–∫–µ;14600;https://t.me/skadovsk_rus
1664439964;@brd_zavtraa;–ë–µ—Ä–¥—è–Ω—Å–∫ ZaVtra;1631;https://t.me/brd_zavtraa
1778913067;@yug_plazdarm;–Æ–∂–Ω—ã–π –ü–ª–∞—Ü–¥–∞—Ä–º;16790;https://t.me/yug_plazdarm
1789573966;@zaporojie24;–≠–ù–ï–†–ì–û–î–ê–†–°–ö–ò–ô –°–í–Ø–ó–ù–û–ô;14500;https://t.me/zaporojie24
1189723223;@tokmak_segodna;üî•–¢–æ–∫–º–∞–∫ –°–µ–≥–æ–¥–Ω—è;1412;https://t.me/tokmak_segodna
1664292906;@energodar_ru;–ì–ª–∞–≤–Ω–æ–µ –≤ –≠–Ω–µ—Ä–≥–æ–¥–∞—Ä–µ;20300;https://t.me/energodar_ru
1217156536;@berdyansk_ru;–ì–ª–∞–≤–Ω–æ–µ –≤ –ë–µ—Ä–¥—è–Ω—Å–∫–µ;23389;https://t.me/berdyansk_ru
1522487464;@Kharkiv_antiFA;–•–∞—Ä—å–∫–æ–≤—Å–∫–∏–µ –ê–Ω—Ç–∏—Ñ–∞—à–∏—Å—Ç—ã;5967;https://t.me/Kharkiv_antiFA
1534430847;@radiocrimea;–†–∞–¥–∏–æ –ö—Ä—ã–º | –ü–µ—Å–Ω—è –Ω–∞ –≤–æ–π–Ω–µ;8519;https://t.me/radiocrimea
1710987643;@MaksLifeOff;–í–ó–ì–õ–Ø–î –ú–ê–ö–°–ê;2479;https://t.me/MaksLifeOff
1398945075;@VA_Nikonov;–í–Ø–ß–ï–°–õ–ê–í –ù–ò–ö–û–ù–û–í;37166;https://t.me/VA_Nikonov
1034709432;@Politnavigator;–ü–æ–ª–∏—Ç–ù–∞–≤–∏–≥–∞—Ç–æ—Ä;97100;https://t.me/Politnavigator
1505343581;@nsdelzap1;–ù–∞ —Å–∞–º–æ–º –¥–µ–ª–µ –≤ –ó–∞–ø–æ—Ä–æ–∂—å–µ;28910;https://t.me/nsdelzap1
1633900328;@the_other_Ukraine;–î—Ä—É–≥–∞—è –£–∫—Ä–∞–∏–Ω–∞;14845;https://t.me/the_other_Ukraine
1719414851;@TolkoPoDely;–¢–æ–ª—å–∫–æ –ø–æ –¥–µ–ª—É!;200994;https://t.me/TolkoPoDely
1552380226;@oprichotdel;–î–µ–ª–æ —Ç–æ–≤–∞—Ä–∏—â–∞ –ë–∞–±–∞—è—Å–∏–Ω–∞;13496;https://t.me/oprichotdel
1419640798;@AleksandrSemchenko;–ê–ª–µ–∫—Å–∞–Ω–¥—Ä –°–µ–º—á–µ–Ω–∫–æ;258809;https://t.me/AleksandrSemchenko
1288236400;@Mikle1On;–ú–∏—Ä –ú–∏—Ö–∞–∏–ª–∞ –û–Ω—É—Ñ—Ä–∏–µ–Ω–∫–æ;690906;https://t.me/Mikle1On
1361127898;@geonrgru;–ì–µ–æ—ç–Ω–µ—Ä–≥–µ—Ç–∏–∫–∞ –ò–ù–§–û;74580;https://t.me/geonrgru
1219121807;@naspravdiinfo;–ù–∞—Å–ø—Ä–∞–≤–¥i;23005;https://t.me/naspravdiinfo
1892991042;@pravosukr;–£–ö–†–ê–ò–ù–ê –ü–†–ê–í–û–°–õ–ê–í–ù–ê–Ø/–£–ö–†–ê–Ü–ù–ê –ü–†–ê–í–û–°–õ–ê–í–ù–ê;6480;https://t.me/pravosukr
1246144793;@grodnosliv;–ì—Ä–æ–¥–Ω–µ–Ω—Å–∫–∏–µ —Å–ª–∏–≤—ã - –Ω–æ–≤–æ—Å—Ç–∏ –ì—Ä–æ–¥–Ω–æ;6862;https://t.me/grodnosliv
1525694277;@zachitniki;Z–ê–©–ò–¢–ù–ò–ö–ò;99438;https://t.me/zachitniki
1443086002;@rusbrief_moscow;BRIEF MOSCOW;4916;https://t.me/rusbrief_moscow
1785270071;@Yakovenko_ZOV;üÖâ –í–æ–µ–Ω–∫–æ—Ä –Ø–∫–æ–≤–µ–Ω–∫–æ –í—è—á–µ—Å–ª–∞–≤;1476;https://t.me/Yakovenko_ZOV
1189902905;@radiomirby;MIRBY;22835;https://t.me/radiomirby
1584359749;@brozabrata;–ë–†–ê–¢ –∑–∞ –ë–†–ê–¢–êüá∑üá∫;30896;https://t.me/brozabrata
1293102263;@polit_prosvet;–ü–æ–ª–∏—Ç |Z| –ü—Ä–æ—Å–≤–µ—Ç;1584;https://t.me/polit_prosvet
1715258620;@neuesausrussland;Neues aus Russland ü™Üüì¢;184332;https://t.me/neuesausrussland
1425996700;@vv_volodin;–í—è—á–µ—Å–ª–∞–≤ –í–æ–ª–æ–¥–∏–Ω;961623;https://t.me/vv_volodin
1156625580;@ombudsmanrf;–û–º–±—É–¥—Å–º–µ–Ω –ú–æ—Å–∫–∞–ª—å–∫–æ–≤–∞ –¢–∞—Ç—å—è–Ω–∞;17231;https://t.me/ombudsmanrf
1557254619;@kukufffka;Kukufffka –∫–∞—Ä–∏–∫–∞—Ç—É—Ä—ã;21675;https://t.me/kukufffka
1574310187;@AzarenokCTV;–ê–∑–∞—Ä—ë–Ω–æ–∫. –°–¢–í. –ë–µ–ª–∞—Ä—É—Å—å;4830;https://t.me/AzarenokCTV
1416748314;@polkovnikt;–ü–æ–ª–∫–æ–≤–Ω–∏–∫ –¢—Ä–∏—Ñ–æ–Ω–æ–≤;13754;https://t.me/polkovnikt
1272953589;@Alekhin_Telega;–†–æ–º–∞–Ω –ê–ª–µ—Ö–∏–Ω;96887;https://t.me/Alekhin_Telega
1663745640;@dumabrief;–î—É–º–∞–¢–í.Brief;10958;https://t.me/dumabrief
1673847562;@inzheneryChMFlot;¬´–ò–Ω–∂–µ–Ω–µ—Ä—ã –ß–ú –§–ª–æ—Ç–∞¬ª;11259;https://t.me/inzheneryChMFlot
1136444638;@SonOfMonarchy;–°—ã–Ω—ã –ú–æ–Ω–∞—Ä—Ö–∏–∏;41666;https://t.me/SonOfMonarchy
1239312888;@belta_telegramm;BELTA;53256;https://t.me/belta_telegramm
1809631222;@shmel_chik;–†–µ–¥–∞–∫—Ü–∏—è –®–ú–ï–õ–¨;5537;https://t.me/shmel_chik
1228570965;@rus_demiurge;–†—É—Å—Å–∫–∏–π –î–µ–º–∏—É—Ä–≥;83832;https://t.me/rus_demiurge
1106368426;@dumatv;–î—É–º–∞ –¢–í;149688;https://t.me/dumatv
1308291985;@osnmedia;–û–±—â–µ—Å—Ç–≤–µ–Ω–Ω–∞—è —Å–ª—É–∂–±–∞ –Ω–æ–≤–æ—Å—Ç–µ–π;45118;https://t.me/osnmedia
1756251979;@InfoDefenseRUS;InfoDefense üá∑üá∫;25814;https://t.me/InfoDefenseRUS
1679169619;@namarshe;–ù–ê –ú–ê–†–®–ï Z;67189;https://t.me/namarshe
1740004447;@radio_tavriya;–†–∞–¥–∏–æ ¬´–¢–∞–≤—Ä–∏—è¬ª –•–µ—Ä—Å–æ–Ω;2366;https://t.me/radio_tavriya
1872602351;@HersonEnot;–ï–Ω–æ—Ç –∏–∑ –•–µ—Ä—Å–æ–Ω–∞ ü¶ù;76232;https://t.me/HersonEnot
1445292211;@nabludatels;–ù–∞–±–ª—é–¥–∞—Ç–µ–ª—å;124360;https://t.me/nabludatels
1831263723;@borshukr;–ë–û–†–© –£–∫—Ä–∞–∏–Ω–∞: –ø–ª–µ–Ω–Ω—ã–µ –í–°–£  –Ω–æ–≤–æ—Å—Ç–∏  –¥—É–º—ã.;7100;https://t.me/borshukr
1439687051;@luganmedia;–õ—É–≥–∞–Ω—å–º–µ–¥–∏–∞ üÖâ;3046;https://t.me/luganmedia
1416529244;@sergeymiheev;–ú–ò–•–ï–ï–í;36094;https://t.me/sergeymiheev
1176215684;@shitandsable;Shit & Sable;31178;https://t.me/shitandsable
1614574843;@BalitskyEV;–ë–∞–ª–∏—Ü–∫–∏–π –ï–≤–≥–µ–Ω–∏–π;25091;https://t.me/BalitskyEV
1393900742;@orda_mordora;–û—Ä–¥–∞;222619;https://t.me/orda_mordora
1446107519;@kryuchkovoleg;–ö—Ä—é—á–∫–æ–≤ Z;4814;https://t.me/kryuchkovoleg
1693592714;@Stremousov_Kirill;–ö–∏—Ä–∏–ª–ª –°—Ç—Ä–µ–º–æ—É—Å–æ–≤;55061;https://t.me/Stremousov_Kirill
1766645190;@VGA_Kherson;–ê–¥–º–∏–Ω–∏—Å—Ç—Ä–∞—Ü–∏—è –•–µ—Ä—Å–æ–Ω—Å–∫–æ–π –æ–±–ª–∞—Å—Ç–∏;25093;https://t.me/VGA_Kherson
1717069105;@melregion;–ú–µ–ª–∏—Ç–æ–ø–æ–ª—å—Å–∫–∏–π —Ä–∞–π–æ–Ω;6707;https://t.me/melregion
1835376143;@obmenplen;–í–∞–ª–µ–Ω—Ç–∏–Ω –†—ã–±–∏–Ω;3330;https://t.me/obmenplen
1171552896;@russ_orientalist;–î–∏–º–∏—Ç—Ä–∏–µ–≤;124216;https://t.me/russ_orientalist
1590337026;@georgy_ma;–ò–º–ø–µ—Ä–∏—è –∫—É—Ä–∏–ª—å—â–∏–∫–∞;66958;https://t.me/georgy_ma
1490244184;@OdessaRussi;–û–¥–µ—Å—Å–∞ Z–∞ –ü–æ–±–µ–¥—É! ‚öìÔ∏è;8588;https://t.me/OdessaRussi
1310155678;@rentv_news;–†–ï–ù –¢–í|–ù–æ–≤–æ—Å—Ç–∏;56798;https://t.me/rentv_news
1240304865;@savanichi;–°–∞–≤–∞–Ω–∏—á–∏ üá∑üá∫;172768;https://t.me/savanichi
1775090781;@NSDVCH;–ù–∞ —Å–∞–º–æ–º –¥–µ–ª–µ –≤ –•–µ—Ä—Å–æ–Ω–µ;14814;https://t.me/NSDVCH
1635114392;@NSDVKH;–ù–∞ —Å–∞–º–æ–º –¥–µ–ª–µ –≤ –•–∞—Ä—å–∫–æ–≤–µ;20166;https://t.me/NSDVKH
1245682640;@alexandr_malkevich;Media –ú–∞–ª—å–∫–µ–≤–∏—á üá∑üá∫;55333;https://t.me/alexandr_malkevich
1460266135;@ivan4pointru;–ò–≤–∞–Ω –ß–∞–π Z –∏–Ω—Ñ–æ—Ä–º–∞—Ü–∏–æ–Ω–Ω–æ-–ø—Ä–∞–≤–æ–∑–∞—â–∏—Ç–Ω—ã–π —Ü–µ–Ω—Ç—Ä 18+;18617;https://t.me/ivan4pointru
1544960672;@SALDO_VGA;–í–ª–∞–¥–∏–º–∏—Ä –°–∞–ª—å–¥–æ;35886;https://t.me/SALDO_VGA
1779119770;@dnzkul;DenZkul;9551;https://t.me/dnzkul
1173212578;@groupzarya;–ó–∞—Ä—è | –ù–æ–≤–æ—Å—Ç–∏  –†–æ—Å—Å–∏—è  –ö—Ä—ã–º  –°–µ–≤–∞—Å—Ç–æ–ø–æ–ª—å;134841;https://t.me/groupzarya
1040340123;@r_antonov;–†–æ—Å—Ç–∏—Å–ª–∞–≤ –ê–Ω—Ç–æ–Ω–æ–≤;3672;https://t.me/r_antonov
1552274596;@Media_Post_UA;MediaPost;105099;https://t.me/Media_Post_UA
1524268645;@optimistkavshtatskom;–û–ø—Ç–∏–º–∏—Å—Ç–∫–∞ –≤ —à—Ç–∞—Ç—Å–∫–æ–º üá∑üá∫;50199;https://t.me/optimistkavshtatskom
1247939006;@InfoDefAll;InfoDefense;18761;https://t.me/InfoDefAll
1852104526;@infodefENGLAND;InfoDefenseENGLISH;15742;https://t.me/infodefENGLAND
1568816874;@InfodefARAB;InfoDefenseARAB;941;https://t.me/InfodefARAB
1836547810;@InfodefBULGARIA;InfoDefenseBULGARIA;1761;https://t.me/InfodefBULGARIA
1828183375;@InfoDefCHINA;InfoDefenseCHINA;743;https://t.me/InfoDefCHINA
1201265839;@InfodefenseCZE;InfoDefenseCZE;1021;https://t.me/InfodefenseCZE
1683130605;@InfodefSCANDINAVIA;InfodefSCANDINAVIA;338;https://t.me/InfodefSCANDINAVIA
1892047039;@InfodefenseNED;InfodefenseNED;498;https://t.me/InfodefenseNED
1757668607;@InfoDefEstonia;InfoDefenseEstonia;407;https://t.me/InfoDefEstonia
1886521994;@infodefFRANCE;InfoDefenseFRANCE;15669;https://t.me/infodefFRANCE
1766149642;@infodefenseisr;InfoDefenseISR;352;https://t.me/infodefenseisr
1287636985;@InfoDefMagyarok;InfoDefMagyarok;174;https://t.me/InfoDefMagyarok
1823210291;@infodefGERMANY;InfoDefenseDEUTSCH;32128;https://t.me/infodefGERMANY
1809799955;@infodefGREECE;InfoDefenseGREEK;651;https://t.me/infodefGREECE
1683565518;@infodefITALY;InfoDefenseITALIA;12522;https://t.me/infodefITALY
1667212391;@InfoDefenseJPN;InfoDefenseJPN;175;https://t.me/InfoDefenseJPN
1590304022;@InfodefenseLVA;InfoDefenseLV;554;https://t.me/InfodefenseLVA
1387102125;@InfoDefenseLIT;InfoDefenseLIT // InformacijosGynyba;806;https://t.me/InfoDefenseLIT
1859710950;@InfoDefensePers;InfoDefensePER;397;https://t.me/InfoDefensePers
1551503456;@infodefPOLAND;InfoDefensePOLAND;966;https://t.me/infodefPOLAND
1812968662;@infodefPORTUGAL;InfoDefense PORTUGU√äS;1878;https://t.me/infodefPORTUGAL
1797111847;@InfoDefenseRum;InfoDefenseROM;814;https://t.me/InfoDefenseRum
1875844746;@InfoDefSERBIA;InfoDefenseSERBIA;5059;https://t.me/InfoDefSERBIA
1700708373;@infodefSPAIN;InfoDefenseESPA√ëOL;13085;https://t.me/infodefSPAIN
1824761181;@InfodefTURKEY;InfoDefenseTURKIYE;448;https://t.me/InfodefTURKEY
1886175447;@InfoDefAZ;InfoDefenseAz…ôrbaycan;187;https://t.me/InfoDefAZ
1526541312;@enplenaluz;EN PLENA LUZ;4551;https://t.me/enplenaluz
1543966835;@Separ13_13;–¢—Ä–∏–Ω–∞–¥—Ü–∞—Ç—ã–π.;107168;https://t.me/Separ13_13
1173366996;@photographermilitary;–ë–æ–µ–≤–æ–π (Military photographer);3787;https://t.me/photographermilitary
1759744610;@ofigennyiherson;–û—Ñ–∏–≥–µ–Ω–Ω—ã–π –•–µ—Ä—Å–æ–Ωüá∑üá∫;9957;https://t.me/ofigennyiherson
1372168103;@newsWASH;üá∫üá¶ WASH üá∫üá¶;5043;https://t.me/newsWASH
1213920854;@LPR_JCCC;–ü—Ä–µ–¥—Å—Ç–∞–≤–∏—Ç–µ–ª—å—Å—Ç–≤–æ –õ–ù–† –≤ –°–¶–ö–ö / LPR in JCCC;18222;https://t.me/LPR_JCCC
1872855691;@frontline_pvt;–†—è–¥–æ–≤–æ–π –Ω–∞ –ø–µ—Ä–µ–¥–æ–≤–æ–π;811;https://t.me/frontline_pvt
1526819823;@glava_lnr_info;–õ–µ–æ–Ω–∏–¥ –ü–∞—Å–µ—á–Ω–∏–∫;17411;https://t.me/glava_lnr_info
1182694635;@LIC_LPR;–õ—É–≥–∞–Ω—Å–∫–ò–Ω—Ñ–æ—Ä–º–¶–µ–Ω—Ç—Ä Z;31643;https://t.me/LIC_LPR
1307636625;@itspadonbass;Z. –ò–¶–ü–ê;11591;https://t.me/itspadonbass
1365265569;@newsalch;–ê–ª—á–µ–≤—Å–∫–∏–µ –Ω–æ–≤–æ—Å—Ç–∏;21007;https://t.me/newsalch
1690982166;@xoxol_ukr;–ò–©–ò –•–û–•–õ–û–í | –î–û–•–õ–´–ï –•–û–•–õ–´ | –¢–†–£–ü–´ –í–°–£ –ó–°–£ –ú–ï–†–¢–í–´–ï –í–û–ï–ù–ù–´–ï –£–ö–†–ê–ò–ù–´ | –ì–†–£–ó 200 | –ü–õ–ï–ù–ù–´–ï –•–û–•–õ–´ –£–ö–†–ê–ò–ù–¶–´ | –ò–©–ò –°–í–û–ò–• | ZOV 18+;8199;https://t.me/xoxol_ukr
1355571666;@nashdonbass;–ò–Ω—Ç–µ—Ä–Ω–µ—Ç-–≥–∞–∑–µ—Ç–∞ | –ù–∞—à –î–æ–Ω–±–∞—Å—Å;10259;https://t.me/nashdonbass
1195926326;@ia_rossa;–ò–ê –ö—Ä–∞—Å–Ω–∞—è –í–µ—Å–Ω–∞;10941;https://t.me/ia_rossa
1878331818;@Losevatalks;–û–ª–µ—Å—è –õ–æ—Å–µ–≤–∞;15225;https://t.me/Losevatalks
1458650925;@nznp_lnr;–ùZ–ù–ü | –ù–µ –∑–∞–±—É–¥–µ–º! –ù–µ –ø—Ä–æ—Å—Ç–∏–º! | –î–æ–Ω–±–∞—Å—Å;8315;https://t.me/nznp_lnr
1384954854;@Lisichanskinfo;¬´–õ–∏—Å–∏—á–∞–Ω—Å–∫ - –∫–æ–ª—ã–±–µ–ª—å –î–æ–Ω–±–∞—Å—Å–∞¬ª;10762;https://t.me/Lisichanskinfo
1632743886;@The_Wrong_Side;–ò–ó–ù–ê–ù–ö–ê;30351;https://t.me/The_Wrong_Side
1762649508;@government_lnr;–ü–†–ê–í–ò–¢–ï–õ–¨–°–¢–í–û –õ–£–ì–ê–ù–°–ö–û–ô –ù–ê–†–û–î–ù–û–ô –†–ï–°–ü–£–ë–õ–ò–ö–ò;12909;https://t.me/government_lnr
1505837260;@imsindi_z;–ì—Ä–∞—Ñ–∏–Ω—è‚ò¢Ô∏è–∏–∑–º–µ–Ω–∏–≤—à–∏–º—Å—è –ª–∏—Ü–æ–º—ä –±—£–∂–∏—Ç—ä –ø—Ä—É–¥—É;51223;https://t.me/imsindi_z
1655517496;@negumanitarnaya_pomosch_Z;–ù–≥–ü —Ä–∞ZV–µ–¥–∫–∞;11013;https://t.me/negumanitarnaya_pomosch_Z
1205526059;@aupch_lnr;–û–º–±—É–¥—Å–º–µ–Ω –õ–ù–† –í–∏–∫—Ç–æ—Ä–∏—è –°–µ—Ä–¥—é–∫–æ–≤–∞;1609;https://t.me/aupch_lnr
